GasDate,FacilityName,FacilityId,FacilityType,Demand,Supply,TransferIn,TransferOut,HeldInStorage,State,LocationName,LocationId,Completeness,LastUpdated
01/02/2020,Eastern Gas Pipeline,520047,PIPE,80.933,0,0,0,,NSW,Sydney,520008,,2020-02-02T11:08:43+11:00
01/02/2020,Eastern Gas Pipeline,520047,PIPE,3.642,0,0,0,,NSW,Canberra,520009,,2020-02-02T11:08:43+11:00
01/02/2020,Eastern Gas Pipeline,520047,PIPE,0,210.008,0,27.084,,VIC,Longford Hub,530015,,2020-02-02T11:08:43+11:00
01/02/2020,Eastern Gas Pipeline,520047,PIPE,83.819,0,0,0,,NSW,Regional - NSW,590011,,2020-02-02T11:08:43+11:00
01/02/2020,Eastern Gas Pipeline,520047,PIPE,6.472,0,0,0,,VIC,Regional - VIC,590012,,2020-02-02T11:08:43+11:00
02/02/2020,Eastern Gas Pipeline,520047,PIPE,81.364,0,0,0,,NSW,Sydney,520008,,2020-02-04T11:07:44+11:00
02/02/2020,Eastern Gas Pipeline,520047,PIPE,3.564,0,0,0,,NSW,Canberra,520009,,2020-02-04T11:07:44+11:00
02/02/2020,Eastern Gas Pipeline,520047,PIPE,0,217.28,0,30.037,,VIC,Longford Hub,530015,,2020-02-04T11:07:44+11:00
02/02/2020,Eastern Gas Pipeline,520047,PIPE,54.32,0,0,28.028,,NSW,Regional - NSW,590011,,2020-02-04T11:07:44+11:00
02/02/2020,Eastern Gas Pipeline,520047,PIPE,1.585,0,0,0,,VIC,Regional - VIC,590012,,2020-02-04T11:07:44+11:00
03/02/2020,Eastern Gas Pipeline,520047,PIPE,79.018,0,0,0,,NSW,Sydney,520008,,2020-02-05T11:06:19+11:00
03/02/2020,Eastern Gas Pipeline,520047,PIPE,4.158,0,0,0,,NSW,Canberra,520009,,2020-02-05T11:06:19+11:00
03/02/2020,Eastern Gas Pipeline,520047,PIPE,0,166.792,0,24.822,,VIC,Longford Hub,530015,,2020-02-05T11:06:19+11:00
03/02/2020,Eastern Gas Pipeline,520047,PIPE,27.921,0,0,0,,NSW,Regional - NSW,590011,,2020-02-05T11:06:19+11:00
03/02/2020,Eastern Gas Pipeline,520047,PIPE,1.691,0,0,0,,VIC,Regional - VIC,590012,,2020-02-05T11:06:19+11:00
04/02/2020,Eastern Gas Pipeline,520047,PIPE,84.733,0,0,0,,NSW,Sydney,520008,,2020-02-06T11:09:06+11:00
04/02/2020,Eastern Gas Pipeline,520047,PIPE,4.285,0,0,0,,NSW,Canberra,520009,,2020-02-06T11:09:06+11:00
04/02/2020,Eastern Gas Pipeline,520047,PIPE,0,134.497,0,27.149,,VIC,Longford Hub,530015,,2020-02-06T11:09:06+11:00
04/02/2020,Eastern Gas Pipeline,520047,PIPE,8.472,0,0,0,,NSW,Regional - NSW,590011,,2020-02-06T11:09:06+11:00
04/02/2020,Eastern Gas Pipeline,520047,PIPE,3.188,0,0,0,,VIC,Regional - VIC,590012,,2020-02-06T11:09:06+11:00
05/02/2020,Eastern Gas Pipeline,520047,PIPE,93.135,0,0,0,,NSW,Sydney,520008,,2020-02-06T11:09:17+11:00
05/02/2020,Eastern Gas Pipeline,520047,PIPE,4.209,0,0,0,,NSW,Canberra,520009,,2020-02-06T11:09:17+11:00
05/02/2020,Eastern Gas Pipeline,520047,PIPE,0,146.389,0,30.755,,VIC,Longford Hub,530015,,2020-02-06T11:09:17+11:00
05/02/2020,Eastern Gas Pipeline,520047,PIPE,7.673,0,0,0,,NSW,Regional - NSW,590011,,2020-02-06T11:09:17+11:00
05/02/2020,Eastern Gas Pipeline,520047,PIPE,1.72,0,0,0,,VIC,Regional - VIC,590012,,2020-02-06T11:09:17+11:00
01/02/2020,Moomba to Sydney Pipeline System,520053,PIPE,83.342,0,0,0,,NSW,Sydney,520008,,2020-02-02T12:47:54+11:00
01/02/2020,Moomba to Sydney Pipeline System,520053,PIPE,0,0,152.975,0,,SA,Moomba Hub,550017,,2020-02-02T12:47:54+11:00
01/02/2020,Moomba to Sydney Pipeline System,520053,PIPE,111.327,0,0,2.312,,NSW,Regional - NSW,590011,,2020-02-02T12:47:54+11:00
01/02/2020,Moomba to Sydney Pipeline System,520053,PIPE,1.764,0,0,0,,NSW,Regional - ACT,590015,,2020-02-02T12:47:54+11:00
01/02/2020,Moomba to Sydney Pipeline System,520053,PIPE,0,0,91.255,0,,NSW,Culcairn,590016,,2020-02-02T12:47:54+11:00
02/02/2020,Moomba to Sydney Pipeline System,520053,PIPE,62.166,0,0,0,,NSW,Sydney,520008,,2020-02-03T12:46:54+11:00
02/02/2020,Moomba to Sydney Pipeline System,520053,PIPE,0,0,138.962,0,,SA,Moomba Hub,550017,,2020-02-03T12:46:54+11:00
02/02/2020,Moomba to Sydney Pipeline System,520053,PIPE,22.304,0,28.028,3.567,,NSW,Regional - NSW,590011,,2020-02-03T12:46:54+11:00
02/02/2020,Moomba to Sydney Pipeline System,520053,PIPE,2.786,0,0,0,,NSW,Regional - ACT,590015,,2020-02-03T12:46:54+11:00
02/02/2020,Moomba to Sydney Pipeline System,520053,PIPE,0,0,68.153,0,,NSW,Culcairn,590016,,2020-02-03T12:46:54+11:00
03/02/2020,Moomba to Sydney Pipeline System,520053,PIPE,93.44,0,0,0,,NSW,Sydney,520008,,2020-02-04T12:46:54+11:00
03/02/2020,Moomba to Sydney Pipeline System,520053,PIPE,0,0,109.964,0,,SA,Moomba Hub,550017,,2020-02-04T12:46:54+11:00
03/02/2020,Moomba to Sydney Pipeline System,520053,PIPE,20.789,0,0,1.131,,NSW,Regional - NSW,590011,,2020-02-04T12:46:54+11:00
03/02/2020,Moomba to Sydney Pipeline System,520053,PIPE,3.497,0,0,0,,NSW,Regional - ACT,590015,,2020-02-04T12:46:54+11:00
03/02/2020,Moomba to Sydney Pipeline System,520053,PIPE,0,0,21.301,0.003,,NSW,Culcairn,590016,,2020-02-04T12:46:54+11:00
04/02/2020,Moomba to Sydney Pipeline System,520053,PIPE,98.081,0,0,0,,NSW,Sydney,520008,,2020-02-05T12:46:55+11:00
04/02/2020,Moomba to Sydney Pipeline System,520053,PIPE,0,0,84.075,0,,SA,Moomba Hub,550017,,2020-02-05T12:46:55+11:00
04/02/2020,Moomba to Sydney Pipeline System,520053,PIPE,22.627,0,0,1.47,,NSW,Regional - NSW,590011,,2020-02-05T12:46:55+11:00
04/02/2020,Moomba to Sydney Pipeline System,520053,PIPE,4.194,0,0,0,,NSW,Regional - ACT,590015,,2020-02-05T12:46:55+11:00
04/02/2020,Moomba to Sydney Pipeline System,520053,PIPE,0,0,22.184,0.004,,NSW,Culcairn,590016,,2020-02-05T12:46:55+11:00
05/02/2020,Moomba to Sydney Pipeline System,520053,PIPE,88.126,0,0,0,,NSW,Sydney,520008,,2020-02-06T12:46:55+11:00
05/02/2020,Moomba to Sydney Pipeline System,520053,PIPE,0,0,167.974,0,,SA,Moomba Hub,550017,,2020-02-06T12:46:55+11:00
05/02/2020,Moomba to Sydney Pipeline System,520053,PIPE,21.624,0,0,2.677,,NSW,Regional - NSW,590011,,2020-02-06T12:46:55+11:00
05/02/2020,Moomba to Sydney Pipeline System,520053,PIPE,3.834,0,0,0,,NSW,Regional - ACT,590015,,2020-02-06T12:46:55+11:00
05/02/2020,Moomba to Sydney Pipeline System,520053,PIPE,0,0,21.758,0.001,,NSW,Culcairn,590016,,2020-02-06T12:46:55+11:00
01/02/2020,Central West Pipeline (CWP),520054,PIPE,0,0,2.312,0,,NSW,Regional - NSW,590011,,2020-02-02T12:47:54+11:00
02/02/2020,Central West Pipeline (CWP),520054,PIPE,0,0,3.567,0,,NSW,Regional - NSW,590011,,2020-02-03T12:46:54+11:00
03/02/2020,Central West Pipeline (CWP),520054,PIPE,0,0,1.131,0,,NSW,Regional - NSW,590011,,2020-02-04T12:46:54+11:00
04/02/2020,Central West Pipeline (CWP),520054,PIPE,0,0,1.47,0,,NSW,Regional - NSW,590011,,2020-02-05T12:46:55+11:00
05/02/2020,Central West Pipeline (CWP),520054,PIPE,0,0,2.677,0,,NSW,Regional - NSW,590011,,2020-02-06T12:46:55+11:00
01/02/2020,Newcastle Gas Storage (NGS),520060,STOR,0.23,0.925,0,0,1127.478,NSW,Sydney,520008,,2020-02-02T08:27:38+11:00
02/02/2020,Newcastle Gas Storage (NGS),520060,STOR,0,0.863,0,0,1126.883,NSW,Sydney,520008,,2020-02-03T09:31:10+11:00
03/02/2020,Newcastle Gas Storage (NGS),520060,STOR,0.1,0.569,0,0,1126.407,NSW,Sydney,520008,,2020-02-04T09:16:01+11:00
04/02/2020,Newcastle Gas Storage (NGS),520060,STOR,0.16,0.273,0,0,1126.585,NSW,Sydney,520008,,2020-02-05T09:06:53+11:00
05/02/2020,Newcastle Gas Storage (NGS),520060,STOR,0.14,0,0,0,1126.228,NSW,Sydney,520008,,2020-02-06T08:46:37+11:00
01/02/2020,Camden CSM,520075,PROD,0,9.763,0,0,,NSW,Sydney,520008,,2020-02-02T08:27:22+11:00
02/02/2020,Camden CSM,520075,PROD,0,9.867,0,0,,NSW,Sydney,520008,,2020-02-03T09:29:59+11:00
03/02/2020,Camden CSM,520075,PROD,0,10.061,0,0,,NSW,Sydney,520008,,2020-02-04T09:15:04+11:00
04/02/2020,Camden CSM,520075,PROD,0,10.054,0,0,,NSW,Sydney,520008,,2020-02-05T09:06:41+11:00
05/02/2020,Camden CSM,520075,PROD,0,9.932,0,0,,NSW,Sydney,520008,,2020-02-06T08:46:25+11:00
01/02/2020,Colongra Gas Pipeline,520090,PIPE,0,24.268,0,0,,NSW,Sydney,520008,,2020-02-03T15:00:27+11:00
01/02/2020,Colongra Gas Pipeline,520090,PIPE,0,0,0,0,,NSW,Regional - NSW,590011,,2020-02-03T15:00:27+11:00
02/02/2020,Colongra Gas Pipeline,520090,PIPE,0,0,0,0,,NSW,Sydney,520008,,2020-02-03T11:06:20+11:00
02/02/2020,Colongra Gas Pipeline,520090,PIPE,0,0,0,0,,NSW,Regional - NSW,590011,,2020-02-03T11:06:20+11:00
03/02/2020,Colongra Gas Pipeline,520090,PIPE,0,0,0,0,,NSW,Sydney,520008,,2020-02-04T11:07:40+11:00
03/02/2020,Colongra Gas Pipeline,520090,PIPE,0,0,0,0,,NSW,Regional - NSW,590011,,2020-02-04T11:07:40+11:00
04/02/2020,Colongra Gas Pipeline,520090,PIPE,0,0,0,0,,NSW,Sydney,520008,,2020-02-05T11:06:17+11:00
04/02/2020,Colongra Gas Pipeline,520090,PIPE,0,0,0,0,,NSW,Regional - NSW,590011,,2020-02-05T11:06:17+11:00
05/02/2020,Colongra Gas Pipeline,520090,PIPE,0,0,0,0,,NSW,Sydney,520008,,2020-02-06T11:09:19+11:00
05/02/2020,Colongra Gas Pipeline,520090,PIPE,0,0,0,0,,NSW,Regional - NSW,590011,,2020-02-06T11:09:19+11:00
01/02/2020,BassGas to Pakenham Pipeline,530030,PIPE,0,42.64,0,40.6,,VIC,Gippsland,590009,,2020-02-02T21:54:38+11:00
02/02/2020,BassGas to Pakenham Pipeline,530030,PIPE,0,9.7,1.538,7.539,,VIC,Gippsland,590009,,2020-02-05T16:16:36+11:00
03/02/2020,BassGas to Pakenham Pipeline,530030,PIPE,0,0,2.167,0.054,,VIC,Gippsland,590009,,2020-02-05T16:17:15+11:00
04/02/2020,BassGas to Pakenham Pipeline,530030,PIPE,0,7.1,2.371,4.279,,VIC,Gippsland,590009,,2020-02-05T16:17:51+11:00
05/02/2020,BassGas to Pakenham Pipeline,530030,PIPE,0,18.8,0,16.507,,VIC,Gippsland,590009,,2020-02-06T16:04:48+11:00
01/02/2020,LNG Storage Dandenong,530038,STOR,0,0.293,0,0,657.833,VIC,Melbourne,590008,,2020-02-02T12:47:54+11:00
02/02/2020,LNG Storage Dandenong,530038,STOR,0,0.293,0,0,657.575,VIC,Melbourne,590008,,2020-02-03T12:46:54+11:00
03/02/2020,LNG Storage Dandenong,530038,STOR,0,0.293,0,0,657.381,VIC,Melbourne,590008,,2020-02-04T12:46:54+11:00
04/02/2020,LNG Storage Dandenong,530038,STOR,0,0.293,0,0,655.768,VIC,Melbourne,590008,,2020-02-05T12:46:55+11:00
05/02/2020,LNG Storage Dandenong,530038,STOR,0,0.293,0,0,655.689,VIC,Melbourne,590008,,2020-02-06T12:46:55+11:00
01/02/2020,Lang Lang Gas Plant,530039,PROD,0,42.64,0,0,,VIC,Gippsland,590009,,2020-02-02T11:31:56+11:00
02/02/2020,Lang Lang Gas Plant,530039,PROD,0,8.82,0,0,,VIC,Gippsland,590009,,2020-02-03T14:32:28+11:00
03/02/2020,Lang Lang Gas Plant,530039,PROD,0,0,0,0,,VIC,Gippsland,590009,,2020-02-04T10:06:21+11:00
04/02/2020,Lang Lang Gas Plant,530039,PROD,0,4.91,0,0,,VIC,Gippsland,590009,,2020-02-05T12:23:16+11:00
05/02/2020,Lang Lang Gas Plant,530039,PROD,0,19.02,0,0,,VIC,Gippsland,590009,,2020-02-06T06:56:39+11:00
01/02/2020,Longford Gas Plant,530040,PROD,0,531.832,0,0,,VIC,Longford Hub,530015,,2020-02-02T08:00:49+11:00
02/02/2020,Longford Gas Plant,530040,PROD,0,523.526,0,0,,VIC,Longford Hub,530015,,2020-02-03T10:18:05+11:00
03/02/2020,Longford Gas Plant,530040,PROD,0,523.366,0,0,,VIC,Longford Hub,530015,,2020-02-04T10:17:27+11:00
04/02/2020,Longford Gas Plant,530040,PROD,0,521.497,0,0,,VIC,Longford Hub,530015,,2020-02-05T10:47:29+11:00
05/02/2020,Longford Gas Plant,530040,PROD,0,471.285,0,0,,VIC,Longford Hub,530015,,2020-02-06T09:49:55+11:00
01/02/2020,Orbost Gas Plant,530041,PROD,0,0,0,0,,VIC,Regional - VIC,590012,,2020-02-02T11:08:43+11:00
02/02/2020,Orbost Gas Plant,530041,PROD,0.033,0,0,0,,VIC,Regional - VIC,590012,,2020-02-04T11:07:44+11:00
03/02/2020,Orbost Gas Plant,530041,PROD,0,0,0,0,,VIC,Regional - VIC,590012,,2020-02-05T11:06:19+11:00
04/02/2020,Orbost Gas Plant,530041,PROD,0,0,0,0,,VIC,Regional - VIC,590012,,2020-02-06T11:09:06+11:00
05/02/2020,Orbost Gas Plant,530041,PROD,0,0,0,0,,VIC,Regional - VIC,590012,,2020-02-06T11:09:17+11:00
01/02/2020,Iona Underground Gas Storage,530042,STOR,39.943,162.976,0,0,18174.34,VIC,Iona Hub,530016,,2020-02-02T07:30:09+11:00
02/02/2020,Iona Underground Gas Storage,530042,STOR,9.729,152.871,0,0,18059.105,VIC,Iona Hub,530016,,2020-02-03T07:30:09+11:00
03/02/2020,Iona Underground Gas Storage,530042,STOR,0.602,160.362,0,0,17834.11,VIC,Iona Hub,530016,,2020-02-04T07:30:10+11:00
04/02/2020,Iona Underground Gas Storage,530042,STOR,16.16,99.31,0,0,18359.717,VIC,Iona Hub,530016,,2020-02-05T07:30:09+11:00
05/02/2020,Iona Underground Gas Storage,530042,STOR,0.889,141.583,0,0,18160.676,VIC,Iona Hub,530016,,2020-02-06T07:30:10+11:00
06/02/2020,Iona Underground Gas Storage,530042,STOR,66.019,84.869,0,0,18107.16,VIC,Iona Hub,530016,,2020-02-07T07:30:10+11:00
01/02/2020,Otway Gas Plant,530044,PROD,0,90.46,0,0,,VIC,Iona Hub,530016,,2020-02-02T19:46:28+11:00
02/02/2020,Otway Gas Plant,530044,PROD,0,90,0,0,,VIC,Iona Hub,530016,,2020-02-03T17:45:16+11:00
03/02/2020,Otway Gas Plant,530044,PROD,0,90,0,0,,VIC,Iona Hub,530016,,2020-02-04T15:08:40+11:00
04/02/2020,Otway Gas Plant,530044,PROD,0,90,0,0,,VIC,Iona Hub,530016,,2020-02-05T16:16:44+11:00
05/02/2020,Otway Gas Plant,530044,PROD,0,90,0,0,,VIC,Iona Hub,530016,,2020-02-06T16:04:58+11:00
01/02/2020,Port Campbell to Iona Pipeline (PCI),530060,PIPE,0,157.398,0,157.398,,VIC,Iona Hub,530016,,2020-02-02T07:05:02+11:00
02/02/2020,Port Campbell to Iona Pipeline (PCI),530060,PIPE,0,156.521,0,156.521,,VIC,Iona Hub,530016,,2020-02-03T07:05:02+11:00
03/02/2020,Port Campbell to Iona Pipeline (PCI),530060,PIPE,0,156,0,156,,VIC,Iona Hub,530016,,2020-02-04T07:05:00+11:00
04/02/2020,Port Campbell to Iona Pipeline (PCI),530060,PIPE,0,131.058,0,131.058,,VIC,Iona Hub,530016,,2020-02-05T07:07:01+11:00
05/02/2020,Port Campbell to Iona Pipeline (PCI),530060,PIPE,0,130.959,0,130.959,,VIC,Iona Hub,530016,,2020-02-06T07:07:00+11:00
06/02/2020,Port Campbell to Iona Pipeline (PCI),530060,PIPE,0,129.562,0,129.562,,VIC,Iona Hub,530016,,2020-02-07T07:07:02+11:00
01/02/2020,Mortlake Pipeline (MPL),530061,PIPE,0,0,122.227,0,,VIC,Iona Hub,530016,,2020-02-02T07:05:00+11:00
01/02/2020,Mortlake Pipeline (MPL),530061,PIPE,0,0,0,0,,VIC,Regional - VIC,590012,,2020-02-02T07:05:00+11:00
02/02/2020,Mortlake Pipeline (MPL),530061,PIPE,0,0,112.677,0,,VIC,Iona Hub,530016,,2020-02-03T07:05:00+11:00
02/02/2020,Mortlake Pipeline (MPL),530061,PIPE,0,0,0,0,,VIC,Regional - VIC,590012,,2020-02-03T07:05:00+11:00
03/02/2020,Mortlake Pipeline (MPL),530061,PIPE,0,0,124.242,0,,VIC,Iona Hub,530016,,2020-02-04T07:05:01+11:00
03/02/2020,Mortlake Pipeline (MPL),530061,PIPE,0,0,0,0,,VIC,Regional - VIC,590012,,2020-02-04T07:05:01+11:00
04/02/2020,Mortlake Pipeline (MPL),530061,PIPE,0,0,123.081,0,,VIC,Iona Hub,530016,,2020-02-05T07:07:00+11:00
04/02/2020,Mortlake Pipeline (MPL),530061,PIPE,0,0,0,0,,VIC,Regional - VIC,590012,,2020-02-05T07:07:00+11:00
05/02/2020,Mortlake Pipeline (MPL),530061,PIPE,0,0,123.142,0,,VIC,Iona Hub,530016,,2020-02-06T07:07:02+11:00
05/02/2020,Mortlake Pipeline (MPL),530061,PIPE,0,0,0,0,,VIC,Regional - VIC,590012,,2020-02-06T07:07:02+11:00
06/02/2020,Mortlake Pipeline (MPL),530061,PIPE,0,0,123.438,0,,VIC,Iona Hub,530016,,2020-02-07T07:07:00+11:00
06/02/2020,Mortlake Pipeline (MPL),530061,PIPE,0,0,0,0,,VIC,Regional - VIC,590012,,2020-02-07T07:07:00+11:00
01/02/2020,Iona Compression Facility,530071,COMPRESSOR,0,0,39.943,39.943,,VIC,Regional - VIC,590012,,2020-02-02T07:35:07+11:00
02/02/2020,Iona Compression Facility,530071,COMPRESSOR,0,0,9.729,9.729,,VIC,Regional - VIC,590012,,2020-02-03T07:35:06+11:00
03/02/2020,Iona Compression Facility,530071,COMPRESSOR,0,0,0.601,0.601,,VIC,Regional - VIC,590012,,2020-02-04T07:35:07+11:00
04/02/2020,Iona Compression Facility,530071,COMPRESSOR,0,0,16.157,16.157,,VIC,Regional - VIC,590012,,2020-02-05T07:35:06+11:00
05/02/2020,Iona Compression Facility,530071,COMPRESSOR,0,0,0.889,0.889,,VIC,Regional - VIC,590012,,2020-02-06T07:35:07+11:00
06/02/2020,Iona Compression Facility,530071,COMPRESSOR,0,0,66.019,66.019,,VIC,Regional - VIC,590012,,2020-02-07T07:35:07+11:00
01/02/2020,Victorian Transmission System,530110,PIPE,0,320.037,7.567,0.012,,VIC,Longford Hub,530015,,2020-02-06T11:00:10+11:00
01/02/2020,Victorian Transmission System,530110,PIPE,40.728,1.212,0,0,,VIC,Iona Hub,530016,,2020-02-06T11:00:10+11:00
01/02/2020,Victorian Transmission System,530110,PIPE,7.202,0,0,0,,VIC,Western,590004,,2020-02-06T11:00:10+11:00
01/02/2020,Victorian Transmission System,530110,PIPE,33.63,0,0,0,,VIC,Geelong,590005,,2020-02-06T11:00:10+11:00
01/02/2020,Victorian Transmission System,530110,PIPE,10.861,0,0,0,,VIC,Ballarat,590006,,2020-02-06T11:00:10+11:00
01/02/2020,Victorian Transmission System,530110,PIPE,17.539,0,0,0,,VIC,Northern,590007,,2020-02-06T11:00:10+11:00
01/02/2020,Victorian Transmission System,530110,PIPE,181.149,1.187,0,0,,VIC,Melbourne,590008,,2020-02-06T11:00:10+11:00
01/02/2020,Victorian Transmission System,530110,PIPE,44.794,0,40.6,0,,VIC,Gippsland,590009,,2020-02-06T11:00:10+11:00
01/02/2020,Victorian Transmission System,530110,PIPE,0,0,0,91.255,,NSW,Culcairn,590016,,2020-02-06T11:00:10+11:00
02/02/2020,Victorian Transmission System,530110,PIPE,0,304.351,13.777,0,,VIC,Longford Hub,530015,,2020-02-06T11:00:10+11:00
02/02/2020,Victorian Transmission System,530110,PIPE,10.671,10.747,0,0,,VIC,Iona Hub,530016,,2020-02-06T11:00:10+11:00
02/02/2020,Victorian Transmission System,530110,PIPE,6.216,0,0,0,,VIC,Western,590004,,2020-02-06T11:00:10+11:00
02/02/2020,Victorian Transmission System,530110,PIPE,34.359,0,0,0,,VIC,Geelong,590005,,2020-02-06T11:00:10+11:00
02/02/2020,Victorian Transmission System,530110,PIPE,12.571,0,0,0,,VIC,Ballarat,590006,,2020-02-06T11:00:10+11:00
02/02/2020,Victorian Transmission System,530110,PIPE,22.073,0,0,0,,VIC,Northern,590007,,2020-02-06T11:00:10+11:00
02/02/2020,Victorian Transmission System,530110,PIPE,184.302,0.347,0,0,,VIC,Melbourne,590008,,2020-02-06T11:00:10+11:00
02/02/2020,Victorian Transmission System,530110,PIPE,27.184,0,7.539,1.538,,VIC,Gippsland,590009,,2020-02-06T11:00:10+11:00
02/02/2020,Victorian Transmission System,530110,PIPE,0,0,0,68.153,,NSW,Culcairn,590016,,2020-02-06T11:00:10+11:00
03/02/2020,Victorian Transmission System,530110,PIPE,0,355.173,5.465,0.015,,VIC,Longford Hub,530015,,2020-02-06T11:00:10+11:00
03/02/2020,Victorian Transmission System,530110,PIPE,0.713,30.599,0,0,,VIC,Iona Hub,530016,,2020-02-06T11:00:10+11:00
03/02/2020,Victorian Transmission System,530110,PIPE,9.038,0,0,0,,VIC,Western,590004,,2020-02-06T11:00:10+11:00
03/02/2020,Victorian Transmission System,530110,PIPE,40.115,0,0,0,,VIC,Geelong,590005,,2020-02-06T11:00:10+11:00
03/02/2020,Victorian Transmission System,530110,PIPE,17.093,0,0,0,,VIC,Ballarat,590006,,2020-02-06T11:00:10+11:00
03/02/2020,Victorian Transmission System,530110,PIPE,34.733,0,0,0,,VIC,Northern,590007,,2020-02-06T11:00:10+11:00
03/02/2020,Victorian Transmission System,530110,PIPE,237.086,0.189,0,0,,VIC,Melbourne,590008,,2020-02-06T11:00:10+11:00
03/02/2020,Victorian Transmission System,530110,PIPE,36.415,0,0.054,2.167,,VIC,Gippsland,590009,,2020-02-06T11:00:10+11:00
03/02/2020,Victorian Transmission System,530110,PIPE,0,0,0.003,21.301,,NSW,Culcairn,590016,,2020-02-06T11:00:10+11:00
04/02/2020,Victorian Transmission System,530110,PIPE,0,385.941,12.104,0,,VIC,Longford Hub,530015,,2020-02-06T11:00:10+11:00
04/02/2020,Victorian Transmission System,530110,PIPE,19.243,0.01,0,0,,VIC,Iona Hub,530016,,2020-02-06T11:00:10+11:00
04/02/2020,Victorian Transmission System,530110,PIPE,8.114,0,0,0,,VIC,Western,590004,,2020-02-06T11:00:10+11:00
04/02/2020,Victorian Transmission System,530110,PIPE,41.412,0,0,0,,VIC,Geelong,590005,,2020-02-06T11:00:10+11:00
04/02/2020,Victorian Transmission System,530110,PIPE,15.809,0,0,0,,VIC,Ballarat,590006,,2020-02-06T11:00:10+11:00
04/02/2020,Victorian Transmission System,530110,PIPE,35.775,0,0,0,,VIC,Northern,590007,,2020-02-06T11:00:10+11:00
04/02/2020,Victorian Transmission System,530110,PIPE,229.782,4.761,0,0,,VIC,Melbourne,590008,,2020-02-06T11:00:10+11:00
04/02/2020,Victorian Transmission System,530110,PIPE,31.599,0,4.279,2.371,,VIC,Gippsland,590009,,2020-02-06T11:00:10+11:00
04/02/2020,Victorian Transmission System,530110,PIPE,0,0,0.004,22.184,,NSW,Culcairn,590016,,2020-02-06T11:00:10+11:00
05/02/2020,Victorian Transmission System,530110,PIPE,0,323.714,13.667,0,,VIC,Longford Hub,530015,,2020-02-06T11:00:10+11:00
05/02/2020,Victorian Transmission System,530110,PIPE,0.889,15.781,0,0,,VIC,Iona Hub,530016,,2020-02-06T11:00:10+11:00
05/02/2020,Victorian Transmission System,530110,PIPE,7.988,0,0,0,,VIC,Western,590004,,2020-02-06T11:00:10+11:00
05/02/2020,Victorian Transmission System,530110,PIPE,37.994,0,0,0,,VIC,Geelong,590005,,2020-02-06T11:00:10+11:00
05/02/2020,Victorian Transmission System,530110,PIPE,15.566,0,0,0,,VIC,Ballarat,590006,,2020-02-06T11:00:10+11:00
05/02/2020,Victorian Transmission System,530110,PIPE,33.821,0,0,0,,VIC,Northern,590007,,2020-02-06T11:00:10+11:00
05/02/2020,Victorian Transmission System,530110,PIPE,240.036,0.288,0,0,,VIC,Melbourne,590008,,2020-02-06T11:00:10+11:00
05/02/2020,Victorian Transmission System,530110,PIPE,29.952,0,16.507,0,,VIC,Gippsland,590009,,2020-02-06T11:00:10+11:00
05/02/2020,Victorian Transmission System,530110,PIPE,0,0,0.001,21.758,,NSW,Culcairn,590016,,2020-02-06T11:00:10+11:00
01/02/2020,VicHub Pipeline,532005,PIPE,0,0,7.577,7.567,,VIC,Longford Hub,530015,,2020-02-03T11:06:09+11:00
02/02/2020,VicHub Pipeline,532005,PIPE,0,0,13.773,13.777,,VIC,Longford Hub,530015,,2020-02-04T11:07:39+11:00
03/02/2020,VicHub Pipeline,532005,PIPE,0,0,4.817,4.804,,VIC,Longford Hub,530015,,2020-02-05T11:06:15+11:00
04/02/2020,VicHub Pipeline,532005,PIPE,0,0,10.029,10.032,,VIC,Longford Hub,530015,,2020-02-06T11:09:14+11:00
05/02/2020,VicHub Pipeline,532005,PIPE,0,0,13.001,13.005,,VIC,Longford Hub,530015,,2020-02-06T11:09:16+11:00
01/02/2020,Roma Underground Storage (RUGS),540040,STOR,0,8.704,0,0,33091.131,QLD,Regional - QLD,590001,,2020-02-02T10:48:03+11:00
02/02/2020,Roma Underground Storage (RUGS),540040,STOR,0,8.431,0,0,33123.815,QLD,Regional - QLD,590001,,2020-02-03T12:46:34+11:00
03/02/2020,Roma Underground Storage (RUGS),540040,STOR,0,0,0,0,33123.815,QLD,Regional - QLD,590001,,2020-02-04T11:26:57+11:00
04/02/2020,Roma Underground Storage (RUGS),540040,STOR,49.004,1.355,0,0,33168.888,QLD,Regional - QLD,590001,,2020-02-05T11:51:45+11:00
05/02/2020,Roma Underground Storage (RUGS),540040,STOR,11.761,0,0,0,33180.649,QLD,Regional - QLD,590001,,2020-02-06T18:09:25+11:00
01/02/2020,Wallumbilla Compression Facility A,540045,COMPRESSOR,0,0,36.873,36.873,,QLD,Regional - QLD,590001,,2020-02-02T12:47:54+11:00
02/02/2020,Wallumbilla Compression Facility A,540045,COMPRESSOR,0,0,24.147,24.147,,QLD,Regional - QLD,590001,,2020-02-03T12:46:54+11:00
03/02/2020,Wallumbilla Compression Facility A,540045,COMPRESSOR,0,0,34.991,34.991,,QLD,Regional - QLD,590001,,2020-02-04T12:46:54+11:00
04/02/2020,Wallumbilla Compression Facility A,540045,COMPRESSOR,0,0,31.538,31.538,,QLD,Regional - QLD,590001,,2020-02-05T12:46:55+11:00
05/02/2020,Wallumbilla Compression Facility A,540045,COMPRESSOR,0,0,103.11,103.11,,QLD,Regional - QLD,590001,,2020-02-06T12:46:55+11:00
01/02/2020,Wallumbilla Compression Facility B,540046,COMPRESSOR,0,0,339.055,339.055,,QLD,Regional - QLD,590001,,2020-02-02T12:47:54+11:00
02/02/2020,Wallumbilla Compression Facility B,540046,COMPRESSOR,0,0,339.843,339.843,,QLD,Regional - QLD,590001,,2020-02-03T12:46:54+11:00
03/02/2020,Wallumbilla Compression Facility B,540046,COMPRESSOR,0,0,339.659,339.659,,QLD,Regional - QLD,590001,,2020-02-04T12:46:54+11:00
04/02/2020,Wallumbilla Compression Facility B,540046,COMPRESSOR,0,0,340.108,340.108,,QLD,Regional - QLD,590001,,2020-02-05T12:46:55+11:00
05/02/2020,Wallumbilla Compression Facility B,540046,COMPRESSOR,0,0,345.077,345.077,,QLD,Regional - QLD,590001,,2020-02-06T12:46:55+11:00
01/02/2020,Ballera Compression Facility,540047,COMPRESSOR,0,0,14.8,14.8,,QLD,Regional - QLD,590001,,2020-02-03T08:16:45+11:00
02/02/2020,Ballera Compression Facility,540047,COMPRESSOR,0,0,37.8,37.8,,QLD,Regional - QLD,590001,,2020-02-04T11:33:11+11:00
03/02/2020,Ballera Compression Facility,540047,COMPRESSOR,0,0,56.4,56.4,,QLD,Regional - QLD,590001,,2020-02-05T10:53:43+11:00
04/02/2020,Ballera Compression Facility,540047,COMPRESSOR,0,0,50.4,50.4,,QLD,Regional - QLD,590001,,2020-02-06T11:20:22+11:00
05/02/2020,Ballera Compression Facility,540047,COMPRESSOR,0,0,88.9,88.9,,QLD,Regional - QLD,590001,,2020-02-06T11:20:22+11:00
01/02/2020,Daandine CGPF,540050,PROD,0,70.281,0,0,,QLD,Regional - QLD,590001,,2020-02-02T10:45:08+11:00
02/02/2020,Daandine CGPF,540050,PROD,0,70.451,0,0,,QLD,Regional - QLD,590001,,2020-02-03T10:45:14+11:00
03/02/2020,Daandine CGPF,540050,PROD,0,69.506,0,0,,QLD,Regional - QLD,590001,,2020-02-04T10:45:06+11:00
04/02/2020,Daandine CGPF,540050,PROD,0,70.893,0,0,,QLD,Regional - QLD,590001,,2020-02-05T10:45:15+11:00
05/02/2020,Daandine CGPF,540050,PROD,0,71.83,0,0,,QLD,Regional - QLD,590001,,2020-02-06T11:30:30+11:00
01/02/2020,Tipton CGPF,540051,PROD,0,32.429,0,0,,QLD,Regional - QLD,590001,,2020-02-02T10:45:08+11:00
02/02/2020,Tipton CGPF,540051,PROD,0,33.522,0,0,,QLD,Regional - QLD,590001,,2020-02-03T10:45:14+11:00
03/02/2020,Tipton CGPF,540051,PROD,0,32.443,0,0,,QLD,Regional - QLD,590001,,2020-02-04T10:45:06+11:00
04/02/2020,Tipton CGPF,540051,PROD,0,28.232,0,0,,QLD,Regional - QLD,590001,,2020-02-05T10:45:15+11:00
05/02/2020,Tipton CGPF,540051,PROD,0,29.374,0,0,,QLD,Regional - QLD,590001,,2020-02-06T11:31:07+11:00
01/02/2020,E04 Pipeline,540055,PIPE,11.039,11.039,0,0,,QLD,Regional - QLD,590001,,2020-02-02T10:45:16+11:00
02/02/2020,E04 Pipeline,540055,PIPE,22.573,22.573,0,0,,QLD,Regional - QLD,590001,,2020-02-03T10:45:25+11:00
03/02/2020,E04 Pipeline,540055,PIPE,22.196,22.196,0,0,,QLD,Regional - QLD,590001,,2020-02-04T10:45:24+11:00
04/02/2020,E04 Pipeline,540055,PIPE,26.427,26.427,0,0,,QLD,Regional - QLD,590001,,2020-02-05T10:45:34+11:00
05/02/2020,E04 Pipeline,540055,PIPE,21.189,21.189,0,0,,QLD,Regional - QLD,590001,,2020-02-06T10:45:24+11:00
01/02/2020,Roma - Brisbane Pipeline,540057,PIPE,0,0,4.278,44.967,,QLD,Wallumbilla Hub,540032,,2020-02-02T12:47:54+11:00
01/02/2020,Roma - Brisbane Pipeline,540057,PIPE,8.544,118.036,30.012,0,,QLD,Regional - QLD,590001,,2020-02-02T12:47:54+11:00
01/02/2020,Roma - Brisbane Pipeline,540057,PIPE,85.651,0,0,0,,QLD,Brisbane,590002,,2020-02-02T12:47:54+11:00
02/02/2020,Roma - Brisbane Pipeline,540057,PIPE,0,0,4.037,46.832,,QLD,Wallumbilla Hub,540032,,2020-02-03T12:46:54+11:00
02/02/2020,Roma - Brisbane Pipeline,540057,PIPE,4.093,113.679,40.119,2.048,,QLD,Regional - QLD,590001,,2020-02-03T12:46:54+11:00
02/02/2020,Roma - Brisbane Pipeline,540057,PIPE,85.016,0,0,0,,QLD,Brisbane,590002,,2020-02-03T12:46:54+11:00
03/02/2020,Roma - Brisbane Pipeline,540057,PIPE,0,0,4.756,59.971,,QLD,Wallumbilla Hub,540032,,2020-02-04T12:46:54+11:00
03/02/2020,Roma - Brisbane Pipeline,540057,PIPE,11.009,131.369,38.415,4.046,,QLD,Regional - QLD,590001,,2020-02-04T12:46:54+11:00
03/02/2020,Roma - Brisbane Pipeline,540057,PIPE,93.941,0,0,0,,QLD,Brisbane,590002,,2020-02-04T12:46:54+11:00
04/02/2020,Roma - Brisbane Pipeline,540057,PIPE,0,0,4.998,54.999,,QLD,Wallumbilla Hub,540032,,2020-02-05T12:46:55+11:00
04/02/2020,Roma - Brisbane Pipeline,540057,PIPE,4.325,106.744,48.116,0,,QLD,Regional - QLD,590001,,2020-02-05T12:46:55+11:00
04/02/2020,Roma - Brisbane Pipeline,540057,PIPE,96.604,0,0,0,,QLD,Brisbane,590002,,2020-02-05T12:46:55+11:00
05/02/2020,Roma - Brisbane Pipeline,540057,PIPE,0,0,4.676,50,,QLD,Wallumbilla Hub,540032,,2020-02-06T12:46:55+11:00
05/02/2020,Roma - Brisbane Pipeline,540057,PIPE,5,101.39,57.223,0,,QLD,Regional - QLD,590001,,2020-02-06T12:46:55+11:00
05/02/2020,Roma - Brisbane Pipeline,540057,PIPE,99.101,0,0,0,,QLD,Brisbane,590002,,2020-02-06T12:46:55+11:00
01/02/2020,Queensland Gas Pipeline,540058,PIPE,0,0,36.873,0,,QLD,Wallumbilla Hub,540032,,2020-02-06T15:05:52+11:00
01/02/2020,Queensland Gas Pipeline,540058,PIPE,128.171,6.876,95.376,0,,QLD,Regional - QLD,590001,,2020-02-06T15:05:52+11:00
02/02/2020,Queensland Gas Pipeline,540058,PIPE,0,0,24.147,0,,QLD,Wallumbilla Hub,540032,,2020-02-06T15:05:52+11:00
02/02/2020,Queensland Gas Pipeline,540058,PIPE,124.487,7.407,90.109,0,,QLD,Regional - QLD,590001,,2020-02-06T15:05:52+11:00
03/02/2020,Queensland Gas Pipeline,540058,PIPE,0,0,34.991,0,,QLD,Wallumbilla Hub,540032,,2020-02-06T15:05:52+11:00
03/02/2020,Queensland Gas Pipeline,540058,PIPE,133.972,6.764,97.586,0,,QLD,Regional - QLD,590001,,2020-02-06T15:05:52+11:00
04/02/2020,Queensland Gas Pipeline,540058,PIPE,0,0,31.538,0,,QLD,Wallumbilla Hub,540032,,2020-02-06T15:05:52+11:00
04/02/2020,Queensland Gas Pipeline,540058,PIPE,136.591,7.074,97.586,0,,QLD,Regional - QLD,590001,,2020-02-06T15:05:52+11:00
05/02/2020,Queensland Gas Pipeline,540058,PIPE,0,0,35.278,0,,QLD,Wallumbilla Hub,540032,,2020-02-06T15:05:52+11:00
05/02/2020,Queensland Gas Pipeline,540058,PIPE,134.938,7.494,95.582,0,,QLD,Regional - QLD,590001,,2020-02-06T15:05:52+11:00
01/02/2020,Carpentaria Pipeline,540059,PIPE,0,0,24.301,0,,QLD,Ballera,540078,,2020-02-02T12:47:54+11:00
01/02/2020,Carpentaria Pipeline,540059,PIPE,89.511,0,53.25,0,,QLD,Regional - QLD,590001,,2020-02-02T12:47:54+11:00
02/02/2020,Carpentaria Pipeline,540059,PIPE,0,0,47.511,0,,QLD,Ballera,540078,,2020-02-03T12:46:54+11:00
02/02/2020,Carpentaria Pipeline,540059,PIPE,87.182,0,54.63,0,,QLD,Regional - QLD,590001,,2020-02-03T12:46:54+11:00
03/02/2020,Carpentaria Pipeline,540059,PIPE,0,0,66.427,0,,QLD,Ballera,540078,,2020-02-04T12:46:54+11:00
03/02/2020,Carpentaria Pipeline,540059,PIPE,88.29,0,51.114,0,,QLD,Regional - QLD,590001,,2020-02-04T12:46:54+11:00
04/02/2020,Carpentaria Pipeline,540059,PIPE,0,0,60.191,0,,QLD,Ballera,540078,,2020-02-05T12:46:55+11:00
04/02/2020,Carpentaria Pipeline,540059,PIPE,86.589,0,31.329,0,,QLD,Regional - QLD,590001,,2020-02-05T12:46:55+11:00
05/02/2020,Carpentaria Pipeline,540059,PIPE,0,0,99.038,0,,QLD,Ballera,540078,,2020-02-06T12:46:55+11:00
05/02/2020,Carpentaria Pipeline,540059,PIPE,91.198,0,0,0,,QLD,Regional - QLD,590001,,2020-02-06T12:46:55+11:00
01/02/2020,South West Queensland Pipeline,540060,PIPE,0,0,349.749,375.928,,QLD,Wallumbilla Hub,540032,,2020-02-02T12:47:54+11:00
01/02/2020,South West Queensland Pipeline,540060,PIPE,0,0,0,24.301,,QLD,Ballera,540078,,2020-02-02T12:47:54+11:00
01/02/2020,South West Queensland Pipeline,540060,PIPE,0,232.286,0,211.408,,SA,Moomba Hub,550017,,2020-02-02T12:47:54+11:00
01/02/2020,South West Queensland Pipeline,540060,PIPE,0.175,0,0,4.685,,QLD,Regional - QLD,590001,,2020-02-02T12:47:54+11:00
02/02/2020,South West Queensland Pipeline,540060,PIPE,0,0,348.187,363.99,,QLD,Wallumbilla Hub,540032,,2020-02-03T12:46:54+11:00
02/02/2020,South West Queensland Pipeline,540060,PIPE,0,0,0,47.511,,QLD,Ballera,540078,,2020-02-03T12:46:54+11:00
02/02/2020,South West Queensland Pipeline,540060,PIPE,0,220.605,0,156.416,,SA,Moomba Hub,550017,,2020-02-03T12:46:54+11:00
02/02/2020,South West Queensland Pipeline,540060,PIPE,0.16,0,0,2.151,,QLD,Regional - QLD,590001,,2020-02-03T12:46:54+11:00
03/02/2020,South West Queensland Pipeline,540060,PIPE,0,0,387.481,385.973,,QLD,Wallumbilla Hub,540032,,2020-02-04T12:46:54+11:00
03/02/2020,South West Queensland Pipeline,540060,PIPE,0,0,0,66.427,,QLD,Ballera,540078,,2020-02-04T12:46:54+11:00
03/02/2020,South West Queensland Pipeline,540060,PIPE,0,224.419,0,149.424,,SA,Moomba Hub,550017,,2020-02-04T12:46:54+11:00
03/02/2020,South West Queensland Pipeline,540060,PIPE,0.145,0,0,2.298,,QLD,Regional - QLD,590001,,2020-02-04T12:46:54+11:00
04/02/2020,South West Queensland Pipeline,540060,PIPE,0,0,394.026,372.759,,QLD,Wallumbilla Hub,540032,,2020-02-05T12:46:55+11:00
04/02/2020,South West Queensland Pipeline,540060,PIPE,0,0,0,60.191,,QLD,Ballera,540078,,2020-02-05T12:46:55+11:00
04/02/2020,South West Queensland Pipeline,540060,PIPE,0,229.922,0,158.521,,SA,Moomba Hub,550017,,2020-02-05T12:46:55+11:00
04/02/2020,South West Queensland Pipeline,540060,PIPE,0.149,0,0,0,,QLD,Regional - QLD,590001,,2020-02-05T12:46:55+11:00
05/02/2020,South West Queensland Pipeline,540060,PIPE,0,0,465.531,380.355,,QLD,Wallumbilla Hub,540032,,2020-02-06T12:46:55+11:00
05/02/2020,South West Queensland Pipeline,540060,PIPE,0,0,0,99.038,,QLD,Ballera,540078,,2020-02-06T12:46:55+11:00
05/02/2020,South West Queensland Pipeline,540060,PIPE,0,237.974,0,239.418,,SA,Moomba Hub,550017,,2020-02-06T12:46:55+11:00
05/02/2020,South West Queensland Pipeline,540060,PIPE,0.086,0,0,0,,QLD,Regional - QLD,590001,,2020-02-06T12:46:55+11:00
01/02/2020,Kogan North,540061,PROD,0,7.776,0,0,,QLD,Regional - QLD,590001,,2020-02-02T12:47:54+11:00
02/02/2020,Kogan North,540061,PROD,0,7.403,0,0,,QLD,Regional - QLD,590001,,2020-02-03T12:46:54+11:00
03/02/2020,Kogan North,540061,PROD,0,5.226,0,0,,QLD,Regional - QLD,590001,,2020-02-04T12:46:54+11:00
04/02/2020,Kogan North,540061,PROD,0,6.637,0,0,,QLD,Regional - QLD,590001,,2020-02-05T12:46:55+11:00
05/02/2020,Kogan North,540061,PROD,0,6.429,0,0,,QLD,Regional - QLD,590001,,2020-02-06T12:46:55+11:00
01/02/2020,Silver Springs,540062,STOR,0,2.17,0,0,22230.848,QLD,Regional - QLD,590001,,2020-02-02T08:27:50+11:00
02/02/2020,Silver Springs,540062,STOR,0,1.14,0,0,22229.708,QLD,Regional - QLD,590001,,2020-02-03T09:31:24+11:00
03/02/2020,Silver Springs,540062,STOR,0,1.768,0,0,22231.811,QLD,Regional - QLD,590001,,2020-02-04T09:17:01+11:00
04/02/2020,Silver Springs,540062,STOR,3.372,0,0,0,22235.183,QLD,Regional - QLD,590001,,2020-02-05T09:07:30+11:00
05/02/2020,Silver Springs,540062,STOR,0,0,0,0,22231.811,QLD,Regional - QLD,590001,,2020-02-06T08:46:49+11:00
01/02/2020,Meridian,540064,PROD,0,42.198,0,0,,QLD,Regional - QLD,590001,,2020-02-02T09:22:27+11:00
02/02/2020,Meridian,540064,PROD,0,42.197,0,0,,QLD,Regional - QLD,590001,,2020-02-03T11:12:35+11:00
03/02/2020,Meridian,540064,PROD,0,42.093,0,0,,QLD,Regional - QLD,590001,,2020-02-04T11:07:44+11:00
04/02/2020,Meridian,540064,PROD,0,42.099,0,0,,QLD,Regional - QLD,590001,,2020-02-05T15:37:38+11:00
05/02/2020,Meridian,540064,PROD,0,42,0,0,,QLD,Regional - QLD,590001,,2020-02-06T14:22:39+11:00
01/02/2020,Peat,540065,PROD,0,11.596,0,0,,QLD,Regional - QLD,590001,,2020-02-02T11:31:57+11:00
02/02/2020,Peat,540065,PROD,0,11.331,0,0,,QLD,Regional - QLD,590001,,2020-02-03T11:31:43+11:00
03/02/2020,Peat,540065,PROD,0,10.716,0,0,,QLD,Regional - QLD,590001,,2020-02-05T12:33:58+11:00
04/02/2020,Peat,540065,PROD,0,11.326,0,0,,QLD,Regional - QLD,590001,,2020-02-05T12:33:59+11:00
05/02/2020,Peat,540065,PROD,0,8.135,0,0,,QLD,Regional - QLD,590001,,2020-02-06T11:31:04+11:00
01/02/2020,Spring Gully,540066,PROD,0,48.603,0,0,,QLD,Regional - QLD,590001,,2020-02-02T11:31:57+11:00
02/02/2020,Spring Gully,540066,PROD,0,48.323,0,0,,QLD,Regional - QLD,590001,,2020-02-03T11:31:43+11:00
03/02/2020,Spring Gully,540066,PROD,0,46.756,0,0,,QLD,Regional - QLD,590001,,2020-02-05T12:33:58+11:00
04/02/2020,Spring Gully,540066,PROD,0,53.835,0,0,,QLD,Regional - QLD,590001,,2020-02-05T12:33:59+11:00
05/02/2020,Spring Gully,540066,PROD,0,56.859,0,0,,QLD,Regional - QLD,590001,,2020-02-06T11:31:04+11:00
01/02/2020,Strathblane,540067,PROD,0,63.893,0,0,,QLD,Regional - QLD,590001,,2020-02-02T11:31:57+11:00
02/02/2020,Strathblane,540067,PROD,0,63.825,0,0,,QLD,Regional - QLD,590001,,2020-02-03T11:31:43+11:00
03/02/2020,Strathblane,540067,PROD,0,64.221,0,0,,QLD,Regional - QLD,590001,,2020-02-05T12:33:58+11:00
04/02/2020,Strathblane,540067,PROD,0,61.029,0,0,,QLD,Regional - QLD,590001,,2020-02-05T12:33:59+11:00
05/02/2020,Strathblane,540067,PROD,0,58.907,0,0,,QLD,Regional - QLD,590001,,2020-02-06T11:31:04+11:00
01/02/2020,Taloona,540068,PROD,0,68.371,0,0,,QLD,Regional - QLD,590001,,2020-02-02T11:31:57+11:00
02/02/2020,Taloona,540068,PROD,0,62.81,0,0,,QLD,Regional - QLD,590001,,2020-02-03T11:31:43+11:00
03/02/2020,Taloona,540068,PROD,0,66.262,0,0,,QLD,Regional - QLD,590001,,2020-02-05T12:33:58+11:00
04/02/2020,Taloona,540068,PROD,0,67.634,0,0,,QLD,Regional - QLD,590001,,2020-02-05T12:33:59+11:00
05/02/2020,Taloona,540068,PROD,0,64.716,0,0,,QLD,Regional - QLD,590001,,2020-02-06T11:31:04+11:00
01/02/2020,Windibri,540069,PROD,0,70.499,0,0,,QLD,Regional - QLD,590001,,2020-02-02T10:45:16+11:00
02/02/2020,Windibri,540069,PROD,0,74.655,0,0,,QLD,Regional - QLD,590001,,2020-02-03T10:45:25+11:00
03/02/2020,Windibri,540069,PROD,0,79.07,0,0,,QLD,Regional - QLD,590001,,2020-02-04T10:45:24+11:00
04/02/2020,Windibri,540069,PROD,0,81.596,0,0,,QLD,Regional - QLD,590001,,2020-02-05T10:45:34+11:00
05/02/2020,Windibri,540069,PROD,0,76.367,0,0,,QLD,Regional - QLD,590001,,2020-02-06T10:45:24+11:00
01/02/2020,Fairview,540070,PROD,0,395.18,0,0,,QLD,Regional - QLD,590001,,2020-02-02T10:48:01+11:00
02/02/2020,Fairview,540070,PROD,0,393.511,0,0,,QLD,Regional - QLD,590001,,2020-02-03T12:46:31+11:00
03/02/2020,Fairview,540070,PROD,0,390.561,0,0,,QLD,Regional - QLD,590001,,2020-02-04T11:26:54+11:00
04/02/2020,Fairview,540070,PROD,0,392.642,0,0,,QLD,Regional - QLD,590001,,2020-02-05T11:51:43+11:00
05/02/2020,Fairview,540070,PROD,0,394.048,0,0,,QLD,Regional - QLD,590001,,2020-02-06T18:09:24+11:00
01/02/2020,Braemar 2 Pipeline (B2PL),540071,PIPE,18.842,69.539,0,60.247,,QLD,Regional - QLD,590001,,2020-02-02T10:45:08+11:00
02/02/2020,Braemar 2 Pipeline (B2PL),540071,PIPE,12.77,59.949,2.048,65.495,,QLD,Regional - QLD,590001,,2020-02-03T10:45:15+11:00
03/02/2020,Braemar 2 Pipeline (B2PL),540071,PIPE,18.757,66.855,4.046,53.018,,QLD,Regional - QLD,590001,,2020-02-04T10:45:08+11:00
04/02/2020,Braemar 2 Pipeline (B2PL),540071,PIPE,0,49.999,0,70.883,,QLD,Regional - QLD,590001,,2020-02-05T10:45:15+11:00
05/02/2020,Braemar 2 Pipeline (B2PL),540071,PIPE,0,49.388,0,72.438,,QLD,Regional - QLD,590001,,2020-02-06T11:31:23+11:00
01/02/2020,Scotia,540072,PROD,0,66.836,0,0,,QLD,Regional - QLD,590001,,2020-02-02T10:48:03+11:00
02/02/2020,Scotia,540072,PROD,0,67.126,0,0,,QLD,Regional - QLD,590001,,2020-02-03T12:46:34+11:00
03/02/2020,Scotia,540072,PROD,0,66.871,0,0,,QLD,Regional - QLD,590001,,2020-02-04T11:26:57+11:00
04/02/2020,Scotia,540072,PROD,0,70.073,0,0,,QLD,Regional - QLD,590001,,2020-02-05T11:51:45+11:00
05/02/2020,Scotia,540072,PROD,0,71.263,0,0,,QLD,Regional - QLD,590001,,2020-02-06T18:09:25+11:00
01/02/2020,Yellowbank,540074,PROD,0,5.876,0,0,,QLD,Regional - QLD,590001,,2020-02-06T15:05:52+11:00
02/02/2020,Yellowbank,540074,PROD,0,6.407,0,0,,QLD,Regional - QLD,590001,,2020-02-06T15:05:52+11:00
03/02/2020,Yellowbank,540074,PROD,0,5.764,0,0,,QLD,Regional - QLD,590001,,2020-02-06T15:05:52+11:00
04/02/2020,Yellowbank,540074,PROD,0,6.074,0,0,,QLD,Regional - QLD,590001,,2020-02-06T15:05:52+11:00
05/02/2020,Yellowbank,540074,PROD,0,6.494,0,0,,QLD,Regional - QLD,590001,,2020-02-06T15:05:52+11:00
01/02/2020,Kenya Gas Plant,540075,PROD,0,143.5,0,0,,QLD,Regional - QLD,590001,,2020-02-02T10:45:16+11:00
02/02/2020,Kenya Gas Plant,540075,PROD,0,147.091,0,0,,QLD,Regional - QLD,590001,,2020-02-03T10:45:25+11:00
03/02/2020,Kenya Gas Plant,540075,PROD,0,144.396,0,0,,QLD,Regional - QLD,590001,,2020-02-04T10:45:24+11:00
04/02/2020,Kenya Gas Plant,540075,PROD,0,122.127,0,0,,QLD,Regional - QLD,590001,,2020-02-05T10:45:34+11:00
05/02/2020,Kenya Gas Plant,540075,PROD,0,134.633,0,0,,QLD,Regional - QLD,590001,,2020-02-06T10:45:24+11:00
01/02/2020,Talinga Gas Plant,540076,PROD,0,107.674,0,0,,QLD,Regional - QLD,590001,,2020-02-02T11:31:57+11:00
02/02/2020,Talinga Gas Plant,540076,PROD,0,112.483,0,0,,QLD,Regional - QLD,590001,,2020-02-03T11:31:43+11:00
03/02/2020,Talinga Gas Plant,540076,PROD,0,107.108,0,0,,QLD,Regional - QLD,590001,,2020-02-05T12:33:58+11:00
04/02/2020,Talinga Gas Plant,540076,PROD,0,111.05,0,0,,QLD,Regional - QLD,590001,,2020-02-05T12:33:59+11:00
05/02/2020,Talinga Gas Plant,540076,PROD,0,114.885,0,0,,QLD,Regional - QLD,590001,,2020-02-06T11:31:04+11:00
01/02/2020,Braemar Pipeline,540077,PIPE,34.133,40.33,0,14.531,,QLD,Regional - QLD,590001,,2020-02-02T07:14:51+11:00
02/02/2020,Braemar Pipeline,540077,PIPE,5.171,38.33,0,19.376,,QLD,Regional - QLD,590001,,2020-02-03T07:34:24+11:00
03/02/2020,Braemar Pipeline,540077,PIPE,31.036,39.7,0,30.768,,QLD,Regional - QLD,590001,,2020-02-04T09:02:27+11:00
04/02/2020,Braemar Pipeline,540077,PIPE,0,34.4,0,27.249,,QLD,Regional - QLD,590001,,2020-02-05T07:26:23+11:00
05/02/2020,Braemar Pipeline,540077,PIPE,0,35,0,34.781,,QLD,Regional - QLD,590001,,2020-02-06T06:45:21+11:00
06/02/2020,Braemar Pipeline,540077,PIPE,0,35.4,0,0,,QLD,Regional - QLD,590001,,2020-02-07T06:41:23+11:00
01/02/2020,Condabri Central,540080,PROD,0,153.663,0,0,,QLD,Regional - QLD,590001,,2020-02-02T11:31:57+11:00
02/02/2020,Condabri Central,540080,PROD,0,152.931,0,0,,QLD,Regional - QLD,590001,,2020-02-03T11:31:43+11:00
03/02/2020,Condabri Central,540080,PROD,0,152.493,0,0,,QLD,Regional - QLD,590001,,2020-02-05T12:33:58+11:00
04/02/2020,Condabri Central,540080,PROD,0,153.797,0,0,,QLD,Regional - QLD,590001,,2020-02-05T12:33:59+11:00
05/02/2020,Condabri Central,540080,PROD,0,152.112,0,0,,QLD,Regional - QLD,590001,,2020-02-06T11:31:04+11:00
01/02/2020,Ruby Jo,540082,PROD,0,420.508,0,0,,QLD,Regional - QLD,590001,,2020-02-02T10:45:16+11:00
02/02/2020,Ruby Jo,540082,PROD,0,421.443,0,0,,QLD,Regional - QLD,590001,,2020-02-03T10:45:25+11:00
03/02/2020,Ruby Jo,540082,PROD,0,421.476,0,0,,QLD,Regional - QLD,590001,,2020-02-04T10:45:24+11:00
04/02/2020,Ruby Jo,540082,PROD,0,425.44,0,0,,QLD,Regional - QLD,590001,,2020-02-05T10:45:34+11:00
05/02/2020,Ruby Jo,540082,PROD,0,425.16,0,0,,QLD,Regional - QLD,590001,,2020-02-06T10:45:24+11:00
01/02/2020,Bellevue,540083,PROD,0,177.624,0,0,,QLD,Regional - QLD,590001,,2020-02-02T10:45:16+11:00
02/02/2020,Bellevue,540083,PROD,0,179.956,0,0,,QLD,Regional - QLD,590001,,2020-02-03T10:45:25+11:00
03/02/2020,Bellevue,540083,PROD,0,189.452,0,0,,QLD,Regional - QLD,590001,,2020-02-04T10:45:24+11:00
04/02/2020,Bellevue,540083,PROD,0,189.656,0,0,,QLD,Regional - QLD,590001,,2020-02-05T10:45:34+11:00
05/02/2020,Bellevue,540083,PROD,0,192.094,0,0,,QLD,Regional - QLD,590001,,2020-02-06T10:45:24+11:00
01/02/2020,Orana,540084,PROD,0,191.678,0,0,,QLD,Regional - QLD,590001,,2020-02-02T11:31:57+11:00
02/02/2020,Orana,540084,PROD,0,191.647,0,0,,QLD,Regional - QLD,590001,,2020-02-03T11:31:43+11:00
03/02/2020,Orana,540084,PROD,0,192.552,0,0,,QLD,Regional - QLD,590001,,2020-02-05T12:33:58+11:00
04/02/2020,Orana,540084,PROD,0,193.36,0,0,,QLD,Regional - QLD,590001,,2020-02-05T12:33:59+11:00
05/02/2020,Orana,540084,PROD,0,193.88,0,0,,QLD,Regional - QLD,590001,,2020-02-06T11:31:04+11:00
01/02/2020,Reedy Creek,540085,PROD,0,190.237,0,0,,QLD,Regional - QLD,590001,,2020-02-02T11:31:57+11:00
02/02/2020,Reedy Creek,540085,PROD,0,190.541,0,0,,QLD,Regional - QLD,590001,,2020-02-03T11:31:43+11:00
03/02/2020,Reedy Creek,540085,PROD,0,189.263,0,0,,QLD,Regional - QLD,590001,,2020-02-05T12:33:58+11:00
04/02/2020,Reedy Creek,540085,PROD,0,190.375,0,0,,QLD,Regional - QLD,590001,,2020-02-05T12:33:59+11:00
05/02/2020,Reedy Creek,540085,PROD,0,189.513,0,0,,QLD,Regional - QLD,590001,,2020-02-06T11:31:04+11:00
01/02/2020,Condabri South,540086,PROD,0,182.3,0,0,,QLD,Regional - QLD,590001,,2020-02-02T11:31:57+11:00
02/02/2020,Condabri South,540086,PROD,0,181.446,0,0,,QLD,Regional - QLD,590001,,2020-02-03T11:31:43+11:00
03/02/2020,Condabri South,540086,PROD,0,180.266,0,0,,QLD,Regional - QLD,590001,,2020-02-05T12:33:58+11:00
04/02/2020,Condabri South,540086,PROD,0,182.275,0,0,,QLD,Regional - QLD,590001,,2020-02-05T12:33:59+11:00
05/02/2020,Condabri South,540086,PROD,0,182.16,0,0,,QLD,Regional - QLD,590001,,2020-02-06T11:31:04+11:00
01/02/2020,Woleebee Creek,540087,PROD,0,633.326,0,0,,QLD,Regional - QLD,590001,,2020-02-02T10:45:16+11:00
02/02/2020,Woleebee Creek,540087,PROD,0,633.814,0,0,,QLD,Regional - QLD,590001,,2020-02-03T10:45:25+11:00
03/02/2020,Woleebee Creek,540087,PROD,0,635.511,0,0,,QLD,Regional - QLD,590001,,2020-02-04T10:45:24+11:00
04/02/2020,Woleebee Creek,540087,PROD,0,640.428,0,0,,QLD,Regional - QLD,590001,,2020-02-05T10:45:34+11:00
05/02/2020,Woleebee Creek,540087,PROD,0,638.773,0,0,,QLD,Regional - QLD,590001,,2020-02-06T10:45:24+11:00
01/02/2020,Jordan,540088,PROD,0,324.176,0,0,,QLD,Regional - QLD,590001,,2020-02-02T10:45:16+11:00
02/02/2020,Jordan,540088,PROD,0,316.742,0,0,,QLD,Regional - QLD,590001,,2020-02-03T10:45:25+11:00
03/02/2020,Jordan,540088,PROD,0,324.622,0,0,,QLD,Regional - QLD,590001,,2020-02-04T10:45:24+11:00
04/02/2020,Jordan,540088,PROD,0,328.528,0,0,,QLD,Regional - QLD,590001,,2020-02-05T10:45:34+11:00
05/02/2020,Jordan,540088,PROD,0,326.092,0,0,,QLD,Regional - QLD,590001,,2020-02-06T10:45:24+11:00
01/02/2020,Eurombah Creek,540089,PROD,0,179.01,0,0,,QLD,Regional - QLD,590001,,2020-02-02T11:31:57+11:00
02/02/2020,Eurombah Creek,540089,PROD,0,178.842,0,0,,QLD,Regional - QLD,590001,,2020-02-03T11:31:43+11:00
03/02/2020,Eurombah Creek,540089,PROD,0,178.87,0,0,,QLD,Regional - QLD,590001,,2020-02-05T12:33:58+11:00
04/02/2020,Eurombah Creek,540089,PROD,0,177.91,0,0,,QLD,Regional - QLD,590001,,2020-02-05T12:33:59+11:00
05/02/2020,Eurombah Creek,540089,PROD,0,172.754,0,0,,QLD,Regional - QLD,590001,,2020-02-06T11:31:04+11:00
01/02/2020,Condabri North,540090,PROD,0,120.017,0,0,,QLD,Regional - QLD,590001,,2020-02-02T11:31:57+11:00
02/02/2020,Condabri North,540090,PROD,0,120.623,0,0,,QLD,Regional - QLD,590001,,2020-02-03T11:31:43+11:00
03/02/2020,Condabri North,540090,PROD,0,120.956,0,0,,QLD,Regional - QLD,590001,,2020-02-05T12:33:58+11:00
04/02/2020,Condabri North,540090,PROD,0,121.695,0,0,,QLD,Regional - QLD,590001,,2020-02-05T12:33:59+11:00
05/02/2020,Condabri North,540090,PROD,0,121.069,0,0,,QLD,Regional - QLD,590001,,2020-02-06T11:31:04+11:00
01/02/2020,Wallumbilla to Gladstone Pipeline,540091,PIPE,1225.861,0,0,0,,QLD,Curtis Island,540030,,2020-02-02T10:45:16+11:00
01/02/2020,Wallumbilla to Gladstone Pipeline,540091,PIPE,33.419,1232.926,50.007,0,,QLD,Regional - QLD,590001,,2020-02-02T10:45:16+11:00
02/02/2020,Wallumbilla to Gladstone Pipeline,540091,PIPE,1240.761,0,0,0,,QLD,Curtis Island,540030,,2020-02-03T10:45:25+11:00
02/02/2020,Wallumbilla to Gladstone Pipeline,540091,PIPE,18.19,1227.125,49.993,0,,QLD,Regional - QLD,590001,,2020-02-03T10:45:25+11:00
03/02/2020,Wallumbilla to Gladstone Pipeline,540091,PIPE,1245.633,0,0,0,,QLD,Curtis Island,540030,,2020-02-04T10:45:24+11:00
03/02/2020,Wallumbilla to Gladstone Pipeline,540091,PIPE,44.466,1245.821,46.823,0,,QLD,Regional - QLD,590001,,2020-02-04T10:45:24+11:00
04/02/2020,Wallumbilla to Gladstone Pipeline,540091,PIPE,1261.824,0,0,0,,QLD,Curtis Island,540030,,2020-02-05T10:45:34+11:00
04/02/2020,Wallumbilla to Gladstone Pipeline,540091,PIPE,32.137,1257.901,50.061,0,,QLD,Regional - QLD,590001,,2020-02-05T10:45:34+11:00
05/02/2020,Wallumbilla to Gladstone Pipeline,540091,PIPE,1295.706,0,0,0,,QLD,Curtis Island,540030,,2020-02-06T10:45:24+11:00
05/02/2020,Wallumbilla to Gladstone Pipeline,540091,PIPE,10.084,1270.32,50.07,0,,QLD,Regional - QLD,590001,,2020-02-06T10:45:24+11:00
01/02/2020,GLNG Gas Transmission Pipeline,540092,PIPE,1026.956,0,0,0,,QLD,Curtis Island,540030,,2020-02-02T10:47:58+11:00
01/02/2020,GLNG Gas Transmission Pipeline,540092,PIPE,0,472.156,556.762,0,,QLD,Regional - QLD,590001,,2020-02-02T10:45:16+11:00
02/02/2020,GLNG Gas Transmission Pipeline,540092,PIPE,1043.997,0,0,0,,QLD,Curtis Island,540030,,2020-02-03T12:46:29+11:00
02/02/2020,GLNG Gas Transmission Pipeline,540092,PIPE,0,471.602,571.659,0,,QLD,Regional - QLD,590001,,2020-02-03T10:45:25+11:00
03/02/2020,GLNG Gas Transmission Pipeline,540092,PIPE,996.972,0,0,0,,QLD,Curtis Island,540030,,2020-02-04T11:26:52+11:00
03/02/2020,GLNG Gas Transmission Pipeline,540092,PIPE,0,468.382,519.897,0,,QLD,Regional - QLD,590001,,2020-02-04T10:45:24+11:00
04/02/2020,GLNG Gas Transmission Pipeline,540092,PIPE,986.437,0,0,0,,QLD,Curtis Island,540030,,2020-02-05T11:51:43+11:00
04/02/2020,GLNG Gas Transmission Pipeline,540092,PIPE,0,475.015,504.464,0,,QLD,Regional - QLD,590001,,2020-02-05T10:45:34+11:00
05/02/2020,GLNG Gas Transmission Pipeline,540092,PIPE,1062.494,0,0,0,,QLD,Curtis Island,540030,,2020-02-06T18:09:23+11:00
05/02/2020,GLNG Gas Transmission Pipeline,540092,PIPE,0,475.359,546.664,0,,QLD,Regional - QLD,590001,,2020-02-06T10:45:24+11:00
01/02/2020,APLNG Pipeline,540093,PIPE,1497.811,0,0,0,,QLD,Curtis Island,540030,,2020-02-02T11:31:57+11:00
01/02/2020,APLNG Pipeline,540093,PIPE,0,1372.223,491.989,320.194,,QLD,Regional - QLD,590001,,2020-02-02T11:31:57+11:00
02/02/2020,APLNG Pipeline,540093,PIPE,1496.767,0,0,0,,QLD,Curtis Island,540030,,2020-02-03T11:31:43+11:00
02/02/2020,APLNG Pipeline,540093,PIPE,0,1371.155,499.185,309.877,,QLD,Regional - QLD,590001,,2020-02-03T11:31:43+11:00
03/02/2020,APLNG Pipeline,540093,PIPE,1496.253,0,0,0,,QLD,Curtis Island,540030,,2020-02-05T12:33:58+11:00
03/02/2020,APLNG Pipeline,540093,PIPE,0,1389.351,502.569,331.493,,QLD,Regional - QLD,590001,,2020-02-05T12:33:58+11:00
04/02/2020,APLNG Pipeline,540093,PIPE,1554.866,0,0,0,,QLD,Curtis Island,540030,,2020-02-05T12:33:59+11:00
04/02/2020,APLNG Pipeline,540093,PIPE,0,1406.068,504.976,336.526,,QLD,Regional - QLD,590001,,2020-02-05T12:33:59+11:00
05/02/2020,APLNG Pipeline,540093,PIPE,1514.858,0,0,0,,QLD,Curtis Island,540030,,2020-02-06T11:31:04+11:00
05/02/2020,APLNG Pipeline,540093,PIPE,0,1399.808,478.427,377.416,,QLD,Regional - QLD,590001,,2020-02-06T11:31:04+11:00
01/02/2020,Combabula,540094,PROD,0,283.614,0,0,,QLD,Regional - QLD,590001,,2020-02-02T11:31:57+11:00
02/02/2020,Combabula,540094,PROD,0,284.3,0,0,,QLD,Regional - QLD,590001,,2020-02-03T11:31:43+11:00
03/02/2020,Combabula,540094,PROD,0,284.345,0,0,,QLD,Regional - QLD,590001,,2020-02-05T12:33:58+11:00
04/02/2020,Combabula,540094,PROD,0,284.462,0,0,,QLD,Regional - QLD,590001,,2020-02-05T12:33:59+11:00
05/02/2020,Combabula,540094,PROD,0,283.559,0,0,,QLD,Regional - QLD,590001,,2020-02-06T11:31:04+11:00
01/02/2020,Roma Compressor Station,540095,PROD,0,156.351,0,0,,QLD,Regional - QLD,590001,,2020-02-02T10:48:03+11:00
02/02/2020,Roma Compressor Station,540095,PROD,0,155.572,0,0,,QLD,Regional - QLD,590001,,2020-02-03T12:46:34+11:00
03/02/2020,Roma Compressor Station,540095,PROD,0,133.911,0,0,,QLD,Regional - QLD,590001,,2020-02-04T11:26:57+11:00
04/02/2020,Roma Compressor Station,540095,PROD,0,96.412,0,0,,QLD,Regional - QLD,590001,,2020-02-05T11:51:45+11:00
05/02/2020,Roma Compressor Station,540095,PROD,0,132.992,0,0,,QLD,Regional - QLD,590001,,2020-02-06T18:09:25+11:00
01/02/2020,Berwyndale to Wallumbilla Pipeline,540096,PIPE,0,0,0,159.773,,QLD,Wallumbilla Hub,540032,,2020-02-02T12:47:54+11:00
01/02/2020,Berwyndale to Wallumbilla Pipeline,540096,PIPE,0,160.098,0,0,,QLD,Regional - QLD,590001,,2020-02-02T12:47:54+11:00
02/02/2020,Berwyndale to Wallumbilla Pipeline,540096,PIPE,0,0,0,159.386,,QLD,Wallumbilla Hub,540032,,2020-02-03T12:46:54+11:00
02/02/2020,Berwyndale to Wallumbilla Pipeline,540096,PIPE,0,160.101,0,0,,QLD,Regional - QLD,590001,,2020-02-03T12:46:54+11:00
03/02/2020,Berwyndale to Wallumbilla Pipeline,540096,PIPE,0,0,0,164.39,,QLD,Wallumbilla Hub,540032,,2020-02-04T12:46:54+11:00
03/02/2020,Berwyndale to Wallumbilla Pipeline,540096,PIPE,0,163.597,0,0,,QLD,Regional - QLD,590001,,2020-02-04T12:46:54+11:00
04/02/2020,Berwyndale to Wallumbilla Pipeline,540096,PIPE,0,0,0,164.013,,QLD,Wallumbilla Hub,540032,,2020-02-05T12:46:55+11:00
04/02/2020,Berwyndale to Wallumbilla Pipeline,540096,PIPE,0,163.599,0,0,,QLD,Regional - QLD,590001,,2020-02-05T12:46:55+11:00
05/02/2020,Berwyndale to Wallumbilla Pipeline,540096,PIPE,0,0,0,163.579,,QLD,Wallumbilla Hub,540032,,2020-02-06T12:46:55+11:00
05/02/2020,Berwyndale to Wallumbilla Pipeline,540096,PIPE,0,163.596,0,0,,QLD,Regional - QLD,590001,,2020-02-06T12:46:55+11:00
01/02/2020,Darling Downs Pipeline,540097,PIPE,0,0,0,43.392,,QLD,Wallumbilla Hub,540032,,2020-02-04T09:06:07+11:00
01/02/2020,Darling Downs Pipeline,540097,PIPE,97.572,590.896,119.031,568.64,,QLD,Regional - QLD,590001,,2020-02-04T09:06:07+11:00
02/02/2020,Darling Downs Pipeline,540097,PIPE,0,0,0,46.517,,QLD,Wallumbilla Hub,540032,,2020-02-06T10:08:35+11:00
02/02/2020,Darling Downs Pipeline,540097,PIPE,89.21,597.034,120.281,575.839,,QLD,Regional - QLD,590001,,2020-02-06T10:08:35+11:00
03/02/2020,Darling Downs Pipeline,540097,PIPE,0,0,0,26.523,,QLD,Wallumbilla Hub,540032,,2020-02-06T10:08:34+11:00
03/02/2020,Darling Downs Pipeline,540097,PIPE,79.964,576.305,123.883,594.4,,QLD,Regional - QLD,590001,,2020-02-06T10:08:34+11:00
04/02/2020,Darling Downs Pipeline,540097,PIPE,0,0,0,32.99,,QLD,Wallumbilla Hub,540032,,2020-02-05T11:06:11+11:00
04/02/2020,Darling Downs Pipeline,540097,PIPE,60.588,578.543,118.823,607.65,,QLD,Regional - QLD,590001,,2020-02-05T11:06:11+11:00
05/02/2020,Darling Downs Pipeline,540097,PIPE,0,0,0,65.778,,QLD,Wallumbilla Hub,540032,,2020-02-06T11:09:11+11:00
05/02/2020,Darling Downs Pipeline,540097,PIPE,38.691,552.329,122.35,572.372,,QLD,Regional - QLD,590001,,2020-02-06T11:09:11+11:00
01/02/2020,Comet Ridge to Wallumbilla Pipeline,540098,PIPE,0,0,339.055,0,,QLD,Wallumbilla Hub,540032,,2020-02-02T10:47:58+11:00
01/02/2020,Comet Ridge to Wallumbilla Pipeline,540098,PIPE,0,170.308,0,556.762,,QLD,Regional - QLD,590001,,2020-02-02T10:47:58+11:00
02/02/2020,Comet Ridge to Wallumbilla Pipeline,540098,PIPE,0,0,339.843,0,,QLD,Wallumbilla Hub,540032,,2020-02-03T12:46:29+11:00
02/02/2020,Comet Ridge to Wallumbilla Pipeline,540098,PIPE,0,169.415,0,571.659,,QLD,Regional - QLD,590001,,2020-02-03T12:46:29+11:00
03/02/2020,Comet Ridge to Wallumbilla Pipeline,540098,PIPE,0,0,339.659,0,,QLD,Wallumbilla Hub,540032,,2020-02-04T11:26:52+11:00
03/02/2020,Comet Ridge to Wallumbilla Pipeline,540098,PIPE,0,147.866,0,519.897,,QLD,Regional - QLD,590001,,2020-02-04T11:26:52+11:00
04/02/2020,Comet Ridge to Wallumbilla Pipeline,540098,PIPE,0,0,340.108,0,,QLD,Wallumbilla Hub,540032,,2020-02-05T11:51:43+11:00
04/02/2020,Comet Ridge to Wallumbilla Pipeline,540098,PIPE,0,110.579,0,504.464,,QLD,Regional - QLD,590001,,2020-02-05T11:51:43+11:00
05/02/2020,Comet Ridge to Wallumbilla Pipeline,540098,PIPE,0,0,345.077,0,,QLD,Wallumbilla Hub,540032,,2020-02-06T18:09:23+11:00
05/02/2020,Comet Ridge to Wallumbilla Pipeline,540098,PIPE,0,147.252,0,546.664,,QLD,Regional - QLD,590001,,2020-02-06T18:09:23+11:00
01/02/2020,Arcadia Compression Facility,540101,PROD,0,15.627,0,0,,QLD,Regional - QLD,590001,,2020-02-02T10:48:01+11:00
02/02/2020,Arcadia Compression Facility,540101,PROD,0,15.76,0,0,,QLD,Regional - QLD,590001,,2020-02-03T12:46:31+11:00
03/02/2020,Arcadia Compression Facility,540101,PROD,0,15.916,0,0,,QLD,Regional - QLD,590001,,2020-02-04T11:26:54+11:00
04/02/2020,Arcadia Compression Facility,540101,PROD,0,15.844,0,0,,QLD,Regional - QLD,590001,,2020-02-05T11:51:43+11:00
05/02/2020,Arcadia Compression Facility,540101,PROD,0,14.795,0,0,,QLD,Regional - QLD,590001,,2020-02-06T18:09:24+11:00
01/02/2020,Reedy Creek to Wallumbilla Pipeline,540102,PIPE,0,0,0,105.789,,QLD,Wallumbilla Hub,540032,,2020-02-02T12:47:54+11:00
01/02/2020,Reedy Creek to Wallumbilla Pipeline,540102,PIPE,0,0,105.787,0,,QLD,Regional - QLD,590001,,2020-02-02T12:47:54+11:00
02/02/2020,Reedy Creek to Wallumbilla Pipeline,540102,PIPE,0,0,0,99.489,,QLD,Wallumbilla Hub,540032,,2020-02-03T12:46:54+11:00
02/02/2020,Reedy Creek to Wallumbilla Pipeline,540102,PIPE,0,0,99.487,0,,QLD,Regional - QLD,590001,,2020-02-03T12:46:54+11:00
03/02/2020,Reedy Creek to Wallumbilla Pipeline,540102,PIPE,0,0,0,110.024,,QLD,Wallumbilla Hub,540032,,2020-02-04T12:46:54+11:00
03/02/2020,Reedy Creek to Wallumbilla Pipeline,540102,PIPE,0,0,110.024,0,,QLD,Regional - QLD,590001,,2020-02-04T12:46:54+11:00
04/02/2020,Reedy Creek to Wallumbilla Pipeline,540102,PIPE,0,0,0,120.072,,QLD,Wallumbilla Hub,540032,,2020-02-05T12:46:55+11:00
04/02/2020,Reedy Creek to Wallumbilla Pipeline,540102,PIPE,0,0,120.072,0,,QLD,Regional - QLD,590001,,2020-02-05T12:46:55+11:00
05/02/2020,Reedy Creek to Wallumbilla Pipeline,540102,PIPE,0,0,0,173.507,,QLD,Wallumbilla Hub,540032,,2020-02-06T12:46:55+11:00
05/02/2020,Reedy Creek to Wallumbilla Pipeline,540102,PIPE,0,0,159.41,0,,QLD,Regional - QLD,590001,,2020-02-06T12:46:55+11:00
01/02/2020,Silver Springs Pipeline,540103,PIPE,0,5.25,0,5.241,,QLD,Regional - QLD,590001,,2020-02-02T08:27:50+11:00
02/02/2020,Silver Springs Pipeline,540103,PIPE,0,5.241,0,5.241,,QLD,Regional - QLD,590001,,2020-02-03T09:31:24+11:00
03/02/2020,Silver Springs Pipeline,540103,PIPE,0,1.452,0,1.452,,QLD,Regional - QLD,590001,,2020-02-04T09:17:01+11:00
04/02/2020,Silver Springs Pipeline,540103,PIPE,0,0,0,0,,QLD,Regional - QLD,590001,,2020-02-05T09:07:30+11:00
05/02/2020,Silver Springs Pipeline,540103,PIPE,0,0,0,0,,QLD,Regional - QLD,590001,,2020-02-06T08:46:49+11:00
01/02/2020,Roma Pipeline,540110,PIPE,4.685,0,4.685,0,,QLD,Regional - QLD,590001,,2020-02-02T12:01:58+11:00
02/02/2020,Roma Pipeline,540110,PIPE,2.151,0,2.151,0,,QLD,Regional - QLD,590001,,2020-02-03T10:46:16+11:00
03/02/2020,Roma Pipeline,540110,PIPE,2.299,0,2.298,0,,QLD,Regional - QLD,590001,,2020-02-04T10:23:24+11:00
04/02/2020,Roma Pipeline,540110,PIPE,0.043,0,0,0,,QLD,Regional - QLD,590001,,2020-02-05T12:47:37+11:00
05/02/2020,Roma Pipeline,540110,PIPE,0.066,0,0,0,,QLD,Regional - QLD,590001,,2020-02-06T15:13:56+11:00
01/02/2020,Kincora Gas Plant,544253,PROD,0,8.99,0,0,,QLD,Regional - QLD,590001,,2020-02-02T12:47:54+11:00
02/02/2020,Kincora Gas Plant,544253,PROD,0,8.99,0,0,,QLD,Regional - QLD,590001,,2020-02-03T12:46:54+11:00
03/02/2020,Kincora Gas Plant,544253,PROD,0,7.991,0,0,,QLD,Regional - QLD,590001,,2020-02-04T12:46:54+11:00
04/02/2020,Kincora Gas Plant,544253,PROD,0,8.943,0,0,,QLD,Regional - QLD,590001,,2020-02-05T12:46:55+11:00
05/02/2020,Kincora Gas Plant,544253,PROD,0,8.99,0,0,,QLD,Regional - QLD,590001,,2020-02-06T12:46:55+11:00
01/02/2020,Roma North Gas Processing Facility,544260,PROD,0,13.957,0,0,,QLD,Regional - QLD,590001,,2020-02-03T11:06:17+11:00
02/02/2020,Roma North Gas Processing Facility,544260,PROD,0,13.842,0,0,,QLD,Regional - QLD,590001,,2020-02-04T11:07:32+11:00
03/02/2020,Roma North Gas Processing Facility,544260,PROD,0,13.955,0,0,,QLD,Regional - QLD,590001,,2020-02-05T11:06:13+11:00
04/02/2020,Roma North Gas Processing Facility,544260,PROD,0,14.167,0,0,,QLD,Regional - QLD,590001,,2020-02-06T11:09:10+11:00
05/02/2020,Roma North Gas Processing Facility,544260,PROD,0,14.26,0,0,,QLD,Regional - QLD,590001,,2020-02-06T18:09:23+11:00
01/02/2020,Moomba Gas Plant,550045,PROD,0,300.1,0,0,,SA,Moomba Hub,550017,,2020-02-03T08:16:45+11:00
02/02/2020,Moomba Gas Plant,550045,PROD,0,299.9,0,0,,SA,Moomba Hub,550017,,2020-02-04T11:33:11+11:00
03/02/2020,Moomba Gas Plant,550045,PROD,0,302,0,0,,SA,Moomba Hub,550017,,2020-02-05T10:53:43+11:00
04/02/2020,Moomba Gas Plant,550045,PROD,0,306.9,0,0,,SA,Moomba Hub,550017,,2020-02-06T11:20:22+11:00
05/02/2020,Moomba Gas Plant,550045,PROD,0,312.2,0,0,,SA,Moomba Hub,550017,,2020-02-06T11:20:22+11:00
01/02/2020,Moomba LDB Storage,550046,STOR,0,16,0,0,21270.2,SA,Moomba Hub,550017,,2020-02-03T08:16:45+11:00
02/02/2020,Moomba LDB Storage,550046,STOR,0,7,0,0,21263.4,SA,Moomba Hub,550017,,2020-02-04T11:33:11+11:00
03/02/2020,Moomba LDB Storage,550046,STOR,0,0,0,0,21263.4,SA,Moomba Hub,550017,,2020-02-05T10:53:43+11:00
04/02/2020,Moomba LDB Storage,550046,STOR,0,0,0,0,21262,SA,Moomba Hub,550017,,2020-02-06T11:20:22+11:00
05/02/2020,Moomba LDB Storage,550046,STOR,0,20,0,0,21242,SA,Moomba Hub,550017,,2020-02-06T11:20:22+11:00
01/02/2020,Moomba Compression Facility,550050,COMPRESSOR,0,0,20.879,20.879,,SA,Regional - SA,590013,,2020-02-02T12:47:54+11:00
02/02/2020,Moomba Compression Facility,550050,COMPRESSOR,0,0,64.189,64.189,,SA,Regional - SA,590013,,2020-02-03T12:46:54+11:00
03/02/2020,Moomba Compression Facility,550050,COMPRESSOR,0,0,74.995,74.995,,SA,Regional - SA,590013,,2020-02-04T12:46:54+11:00
04/02/2020,Moomba Compression Facility,550050,COMPRESSOR,0,0,31.401,31.401,,SA,Regional - SA,590013,,2020-02-05T12:46:55+11:00
05/02/2020,Moomba Compression Facility,550050,COMPRESSOR,0,0,0,0,,SA,Regional - SA,590013,,2020-02-06T12:46:55+11:00
01/02/2020,Port Campbell to Adelaide Pipeline (PCA),550052,PIPE,0,99.432,35.171,0,,VIC,Iona Hub,530016,,2020-02-02T07:05:03+11:00
01/02/2020,Port Campbell to Adelaide Pipeline (PCA),550052,PIPE,10.413,0,0,0,,SA,Adelaide,550016,,2020-02-02T07:05:03+11:00
01/02/2020,Port Campbell to Adelaide Pipeline (PCA),550052,PIPE,0,0,0,6.664,,VIC,Regional - VIC,590012,,2020-02-02T07:05:03+11:00
01/02/2020,Port Campbell to Adelaide Pipeline (PCA),550052,PIPE,96.113,0,0,0,,SA,Regional - SA,590013,,2020-02-02T07:05:03+11:00
02/02/2020,Port Campbell to Adelaide Pipeline (PCA),550052,PIPE,0,80.627,43.844,0,,VIC,Iona Hub,530016,,2020-02-03T07:05:01+11:00
02/02/2020,Port Campbell to Adelaide Pipeline (PCA),550052,PIPE,6.244,0,0,0,,SA,Adelaide,550016,,2020-02-03T07:05:01+11:00
02/02/2020,Port Campbell to Adelaide Pipeline (PCA),550052,PIPE,0,0,0,7.063,,VIC,Regional - VIC,590012,,2020-02-03T07:05:01+11:00
02/02/2020,Port Campbell to Adelaide Pipeline (PCA),550052,PIPE,83.694,0,0,0,,SA,Regional - SA,590013,,2020-02-03T07:05:01+11:00
03/02/2020,Port Campbell to Adelaide Pipeline (PCA),550052,PIPE,0.001,68.923,31.758,0,,VIC,Iona Hub,530016,,2020-02-04T07:05:02+11:00
03/02/2020,Port Campbell to Adelaide Pipeline (PCA),550052,PIPE,24.104,0,0,0,,SA,Adelaide,550016,,2020-02-04T07:05:02+11:00
03/02/2020,Port Campbell to Adelaide Pipeline (PCA),550052,PIPE,0,0,0,9.549,,VIC,Regional - VIC,590012,,2020-02-04T07:05:02+11:00
03/02/2020,Port Campbell to Adelaide Pipeline (PCA),550052,PIPE,76.583,0,0,0,,SA,Regional - SA,590013,,2020-02-04T07:05:02+11:00
04/02/2020,Port Campbell to Adelaide Pipeline (PCA),550052,PIPE,0.003,62.194,7.977,0,,VIC,Iona Hub,530016,,2020-02-05T07:07:02+11:00
04/02/2020,Port Campbell to Adelaide Pipeline (PCA),550052,PIPE,8.551,0,0,0,,SA,Adelaide,550016,,2020-02-05T07:07:02+11:00
04/02/2020,Port Campbell to Adelaide Pipeline (PCA),550052,PIPE,0,0,0,7.255,,VIC,Regional - VIC,590012,,2020-02-05T07:07:02+11:00
04/02/2020,Port Campbell to Adelaide Pipeline (PCA),550052,PIPE,58.727,0,0,0,,SA,Regional - SA,590013,,2020-02-05T07:07:02+11:00
05/02/2020,Port Campbell to Adelaide Pipeline (PCA),550052,PIPE,0,89.559,7.817,0,,VIC,Iona Hub,530016,,2020-02-06T07:07:01+11:00
05/02/2020,Port Campbell to Adelaide Pipeline (PCA),550052,PIPE,4.984,0,0,0,,SA,Adelaide,550016,,2020-02-06T07:07:01+11:00
05/02/2020,Port Campbell to Adelaide Pipeline (PCA),550052,PIPE,0,0,0,8.48,,VIC,Regional - VIC,590012,,2020-02-06T07:07:01+11:00
05/02/2020,Port Campbell to Adelaide Pipeline (PCA),550052,PIPE,56.778,0,0,0,,SA,Regional - SA,590013,,2020-02-06T07:07:01+11:00
06/02/2020,Port Campbell to Adelaide Pipeline (PCA),550052,PIPE,0,46.178,6.124,0,,VIC,Iona Hub,530016,,2020-02-07T07:07:01+11:00
06/02/2020,Port Campbell to Adelaide Pipeline (PCA),550052,PIPE,5.35,0,0,0,,SA,Adelaide,550016,,2020-02-07T07:07:01+11:00
06/02/2020,Port Campbell to Adelaide Pipeline (PCA),550052,PIPE,0,0,0,7.151,,VIC,Regional - VIC,590012,,2020-02-07T07:07:01+11:00
06/02/2020,Port Campbell to Adelaide Pipeline (PCA),550052,PIPE,59.254,0,0,0,,SA,Regional - SA,590013,,2020-02-07T07:07:01+11:00
01/02/2020,Moomba to Adelaide Pipeline System,550054,PIPE,25.995,0,0,0,,SA,Adelaide,550016,,2020-02-02T11:31:05+11:00
01/02/2020,Moomba to Adelaide Pipeline System,550054,PIPE,0,67.832,58.433,0,,SA,Moomba Hub,550017,,2020-02-02T11:31:05+11:00
01/02/2020,Moomba to Adelaide Pipeline System,550054,PIPE,157.846,0,0,0,,SA,Regional - SA,590013,,2020-02-02T11:31:05+11:00
02/02/2020,Moomba to Adelaide Pipeline System,550054,PIPE,31.712,0,0,0,,SA,Adelaide,550016,,2020-02-03T11:31:05+11:00
02/02/2020,Moomba to Adelaide Pipeline System,550054,PIPE,0,79.281,17.454,0,,SA,Moomba Hub,550017,,2020-02-03T11:31:05+11:00
02/02/2020,Moomba to Adelaide Pipeline System,550054,PIPE,143.782,0,0,0,,SA,Regional - SA,590013,,2020-02-03T11:31:05+11:00
03/02/2020,Moomba to Adelaide Pipeline System,550054,PIPE,15.682,0,0,0,,SA,Adelaide,550016,,2020-02-04T11:31:05+11:00
03/02/2020,Moomba to Adelaide Pipeline System,550054,PIPE,0,77.548,39.46,0,,SA,Moomba Hub,550017,,2020-02-04T11:31:05+11:00
03/02/2020,Moomba to Adelaide Pipeline System,550054,PIPE,127.817,0,0,0,,SA,Regional - SA,590013,,2020-02-04T11:31:05+11:00
04/02/2020,Moomba to Adelaide Pipeline System,550054,PIPE,37.484,0,0,0,,SA,Adelaide,550016,,2020-02-05T11:31:05+11:00
04/02/2020,Moomba to Adelaide Pipeline System,550054,PIPE,0,77.002,74.446,0,,SA,Moomba Hub,550017,,2020-02-05T11:31:05+11:00
04/02/2020,Moomba to Adelaide Pipeline System,550054,PIPE,143.369,0,0,0,,SA,Regional - SA,590013,,2020-02-05T11:31:05+11:00
05/02/2020,Moomba to Adelaide Pipeline System,550054,PIPE,42.52,0,0,0,,SA,Adelaide,550016,,2020-02-06T11:31:05+11:00
05/02/2020,Moomba to Adelaide Pipeline System,550054,PIPE,0,74.23,71.444,0,,SA,Moomba Hub,550017,,2020-02-06T11:31:05+11:00
05/02/2020,Moomba to Adelaide Pipeline System,550054,PIPE,134.845,0,0,0,,SA,Regional - SA,590013,,2020-02-06T11:31:05+11:00
01/02/2020,South East South Australia Pipeline (SESA),550060,PIPE,0,0,6.664,0,,VIC,Regional - VIC,590012,,2020-02-02T12:47:54+11:00
01/02/2020,South East South Australia Pipeline (SESA),550060,PIPE,0,0,0,6.636,,SA,Regional - SA,590013,,2020-02-02T12:47:54+11:00
02/02/2020,South East South Australia Pipeline (SESA),550060,PIPE,0,0,7.063,0,,VIC,Regional - VIC,590012,,2020-02-03T12:46:54+11:00
02/02/2020,South East South Australia Pipeline (SESA),550060,PIPE,0,0,0,7.05,,SA,Regional - SA,590013,,2020-02-03T12:46:54+11:00
03/02/2020,South East South Australia Pipeline (SESA),550060,PIPE,0,0,9.549,0,,VIC,Regional - VIC,590012,,2020-02-04T12:46:54+11:00
03/02/2020,South East South Australia Pipeline (SESA),550060,PIPE,0,0,0,7.222,,SA,Regional - SA,590013,,2020-02-04T12:46:54+11:00
04/02/2020,South East South Australia Pipeline (SESA),550060,PIPE,0,0,7.255,0,,VIC,Regional - VIC,590012,,2020-02-05T12:46:55+11:00
04/02/2020,South East South Australia Pipeline (SESA),550060,PIPE,0,0,0,7.252,,SA,Regional - SA,590013,,2020-02-05T12:46:55+11:00
05/02/2020,South East South Australia Pipeline (SESA),550060,PIPE,0,0,8.48,0,,VIC,Regional - VIC,590012,,2020-02-06T12:46:55+11:00
05/02/2020,South East South Australia Pipeline (SESA),550060,PIPE,0,0,0,7.352,,SA,Regional - SA,590013,,2020-02-06T12:46:55+11:00
01/02/2020,South East Pipeline System,550061,PIPE,6.627,0,6.636,0,,SA,Regional - SA,590013,,2020-02-02T11:32:05+11:00
02/02/2020,South East Pipeline System,550061,PIPE,7.079,0,7.05,0,,SA,Regional - SA,590013,,2020-02-03T11:32:05+11:00
03/02/2020,South East Pipeline System,550061,PIPE,7.271,0,7.222,0,,SA,Regional - SA,590013,,2020-02-04T11:32:05+11:00
04/02/2020,South East Pipeline System,550061,PIPE,7.257,0,7.252,0,,SA,Regional - SA,590013,,2020-02-05T11:32:05+11:00
05/02/2020,South East Pipeline System,550061,PIPE,7.514,0,7.352,0,,SA,Regional - SA,590013,,2020-02-06T11:32:05+11:00
01/02/2020,Tasmania Gas Pipeline,570050,PIPE,0,0,19.519,0,,VIC,Longford Hub,530015,,2020-02-03T12:00:59+11:00
01/02/2020,Tasmania Gas Pipeline,570050,PIPE,15.907,0,0,0,,TAS,Regional - TAS,590014,,2020-02-03T12:00:59+11:00
02/02/2020,Tasmania Gas Pipeline,570050,PIPE,0,0,16.264,0,,VIC,Longford Hub,530015,,2020-02-04T12:01:00+11:00
02/02/2020,Tasmania Gas Pipeline,570050,PIPE,16.785,0,0,0,,TAS,Regional - TAS,590014,,2020-02-04T12:01:00+11:00
03/02/2020,Tasmania Gas Pipeline,570050,PIPE,0,0,20.02,0.661,,VIC,Longford Hub,530015,,2020-02-05T12:01:00+11:00
03/02/2020,Tasmania Gas Pipeline,570050,PIPE,17.805,0,0,0,,TAS,Regional - TAS,590014,,2020-02-05T12:01:00+11:00
04/02/2020,Tasmania Gas Pipeline,570050,PIPE,0,0,17.12,2.072,,VIC,Longford Hub,530015,,2020-02-06T12:00:59+11:00
04/02/2020,Tasmania Gas Pipeline,570050,PIPE,17.28,0,0,0,,TAS,Regional - TAS,590014,,2020-02-06T12:00:59+11:00
05/02/2020,Tasmania Gas Pipeline,570050,PIPE,0,0,17.754,0.662,,VIC,Longford Hub,530015,,2020-02-06T12:01:00+11:00
05/02/2020,Tasmania Gas Pipeline,570050,PIPE,17.555,0,0,0,,TAS,Regional - TAS,590014,,2020-02-06T12:01:00+11:00
01/02/2020,Amadeus Gas Pipeline,580010,PIPE,25.252,0,0,0.162,,NT,Darwin,580001,,2020-02-02T12:47:54+11:00
01/02/2020,Amadeus Gas Pipeline,580010,PIPE,23.174,38.588,87.62,78.88,,NT,Regional - NT,590017,,2020-02-02T12:47:54+11:00
02/02/2020,Amadeus Gas Pipeline,580010,PIPE,26.926,0,0,0.101,,NT,Darwin,580001,,2020-02-03T12:46:54+11:00
02/02/2020,Amadeus Gas Pipeline,580010,PIPE,20.119,37.688,86.27,56.497,,NT,Regional - NT,590017,,2020-02-03T12:46:54+11:00
03/02/2020,Amadeus Gas Pipeline,580010,PIPE,28.918,0,0,0.031,,NT,Darwin,580001,,2020-02-04T12:46:54+11:00
03/02/2020,Amadeus Gas Pipeline,580010,PIPE,22.06,24.493,81.57,21.49,,NT,Regional - NT,590017,,2020-02-04T12:46:54+11:00
04/02/2020,Amadeus Gas Pipeline,580010,PIPE,25.985,0,0,0.11,,NT,Darwin,580001,,2020-02-05T12:46:55+11:00
04/02/2020,Amadeus Gas Pipeline,580010,PIPE,23.795,26.706,73.97,45.359,,NT,Regional - NT,590017,,2020-02-05T12:46:55+11:00
05/02/2020,Amadeus Gas Pipeline,580010,PIPE,26.504,0,0,0.065,,NT,Darwin,580001,,2020-02-06T12:46:55+11:00
05/02/2020,Amadeus Gas Pipeline,580010,PIPE,23.721,27.935,75.04,73.808,,NT,Regional - NT,590017,,2020-02-06T12:46:55+11:00
01/02/2020,Bonaparte Gas Pipeline,580020,PIPE,0.367,88.464,0,87.62,,NT,Regional - NT,590017,,2020-02-02T12:47:54+11:00
02/02/2020,Bonaparte Gas Pipeline,580020,PIPE,0.346,86.989,0,86.27,,NT,Regional - NT,590017,,2020-02-03T12:46:54+11:00
03/02/2020,Bonaparte Gas Pipeline,580020,PIPE,0.35,85.194,0,81.57,,NT,Regional - NT,590017,,2020-02-04T12:46:54+11:00
04/02/2020,Bonaparte Gas Pipeline,580020,PIPE,0.356,76.129,0,73.97,,NT,Regional - NT,590017,,2020-02-05T12:46:55+11:00
05/02/2020,Bonaparte Gas Pipeline,580020,PIPE,0.381,74.589,0,75.04,,NT,Regional - NT,590017,,2020-02-06T12:46:55+11:00
01/02/2020,Wickham Point Pipeline,580030,PIPE,15.605,0,0.162,0,,NT,Darwin,580001,,2020-02-02T12:47:54+11:00
02/02/2020,Wickham Point Pipeline,580030,PIPE,12.652,0,0.101,0,,NT,Darwin,580001,,2020-02-03T12:46:54+11:00
03/02/2020,Wickham Point Pipeline,580030,PIPE,14.514,0,0.031,0,,NT,Darwin,580001,,2020-02-04T12:46:54+11:00
04/02/2020,Wickham Point Pipeline,580030,PIPE,15.968,0,0.11,0,,NT,Darwin,580001,,2020-02-05T12:46:55+11:00
05/02/2020,Wickham Point Pipeline,580030,PIPE,15.899,0,0.065,0,,NT,Darwin,580001,,2020-02-06T12:46:55+11:00
01/02/2020,Mereenie,580040,PROD,0,27.025,0,0,,NT,Regional - NT,590017,,2020-02-02T23:01:12+11:00
02/02/2020,Mereenie,580040,PROD,0,26.482,0,0,,NT,Regional - NT,590017,,2020-02-03T19:01:14+11:00
03/02/2020,Mereenie,580040,PROD,0,15.176,0,0,,NT,Regional - NT,590017,,2020-02-04T17:52:19+11:00
04/02/2020,Mereenie,580040,PROD,0,21.84,0,0,,NT,Regional - NT,590017,,2020-02-05T17:02:23+11:00
05/02/2020,Mereenie,580040,PROD,0,21.056,0,0,,NT,Regional - NT,590017,,2020-02-06T12:59:00+11:00
01/02/2020,Northern Gas Pipeline,580050,PIPE,0,0,0,53.25,,QLD,Regional - QLD,590001,,2020-02-03T11:06:13+11:00
01/02/2020,Northern Gas Pipeline,580050,PIPE,0,0,60.752,0,,NT,Regional - NT,590017,,2020-02-03T11:06:13+11:00
02/02/2020,Northern Gas Pipeline,580050,PIPE,0,0,0,54.63,,QLD,Regional - QLD,590001,,2020-02-04T11:07:37+11:00
02/02/2020,Northern Gas Pipeline,580050,PIPE,0,0,38.205,0,,NT,Regional - NT,590017,,2020-02-04T11:07:37+11:00
03/02/2020,Northern Gas Pipeline,580050,PIPE,0,0,0,51.114,,QLD,Regional - QLD,590001,,2020-02-05T11:06:16+11:00
03/02/2020,Northern Gas Pipeline,580050,PIPE,0,0,1.637,0,,NT,Regional - NT,590017,,2020-02-05T11:06:16+11:00
04/02/2020,Northern Gas Pipeline,580050,PIPE,0,0,0,31.329,,QLD,Regional - QLD,590001,,2020-02-06T15:05:47+11:00
04/02/2020,Northern Gas Pipeline,580050,PIPE,0,0,25.733,0,,NT,Regional - NT,590017,,2020-02-06T15:05:47+11:00
05/02/2020,Northern Gas Pipeline,580050,PIPE,0,0,0,0,,QLD,Regional - QLD,590001,,2020-02-06T11:09:19+11:00
05/02/2020,Northern Gas Pipeline,580050,PIPE,0,0,54.998,0,,NT,Regional - NT,590017,,2020-02-06T11:09:19+11:00
01/02/2020,Palm Valley,580060,PROD,0,11.563,0,0,,NT,Regional - NT,590017,,2020-02-02T23:01:12+11:00
02/02/2020,Palm Valley,580060,PROD,0,11.206,0,0,,NT,Regional - NT,590017,,2020-02-03T19:01:14+11:00
03/02/2020,Palm Valley,580060,PROD,0,9.317,0,0,,NT,Regional - NT,590017,,2020-02-04T17:52:19+11:00
04/02/2020,Palm Valley,580060,PROD,0,4.866,0,0,,NT,Regional - NT,590017,,2020-02-05T17:02:23+11:00
05/02/2020,Palm Valley,580060,PROD,0,6.879,0,0,,NT,Regional - NT,590017,,2020-02-06T12:59:00+11:00
01/02/2020,Palm Valley Pipeline,580070,PIPE,2.232,0,2.464,0,,NT,Regional - NT,590017,,2020-02-02T08:05:01+11:00
02/02/2020,Palm Valley Pipeline,580070,PIPE,2.2,0,2.292,0,,NT,Regional - NT,590017,,2020-02-03T08:05:02+11:00
03/02/2020,Palm Valley Pipeline,580070,PIPE,2.486,0,2.588,0,,NT,Regional - NT,590017,,2020-02-04T08:05:03+11:00
04/02/2020,Palm Valley Pipeline,580070,PIPE,2.32,0,2.836,0,,NT,Regional - NT,590017,,2020-02-05T08:05:02+11:00
05/02/2020,Palm Valley Pipeline,580070,PIPE,3.703,0,3.346,0,,NT,Regional - NT,590017,,2020-02-06T08:05:03+11:00
01/02/2020,McArthur River Pipeline,580100,PIPE,0,0,8.164,0,,NT,Regional - NT,590017,,2020-02-02T12:47:54+11:00
02/02/2020,McArthur River Pipeline,580100,PIPE,0,0,8.5,0,,NT,Regional - NT,590017,,2020-02-03T12:46:54+11:00
03/02/2020,McArthur River Pipeline,580100,PIPE,0,0,9.765,0,,NT,Regional - NT,590017,,2020-02-04T12:46:54+11:00
04/02/2020,McArthur River Pipeline,580100,PIPE,0,0,9.291,0,,NT,Regional - NT,590017,,2020-02-05T12:46:55+11:00
05/02/2020,McArthur River Pipeline,580100,PIPE,0,0,7.965,0,,NT,Regional - NT,590017,,2020-02-06T12:46:55+11:00
01/02/2020,Yelcherr Gas Plant,580180,PROD,0,88.464,0,0,,NT,Regional - NT,590017,,2020-02-02T12:47:54+11:00
02/02/2020,Yelcherr Gas Plant,580180,PROD,0,86.989,0,0,,NT,Regional - NT,590017,,2020-02-03T12:46:54+11:00
03/02/2020,Yelcherr Gas Plant,580180,PROD,0,85.194,0,0,,NT,Regional - NT,590017,,2020-02-04T12:46:54+11:00
04/02/2020,Yelcherr Gas Plant,580180,PROD,0,76.129,0,0,,NT,Regional - NT,590017,,2020-02-05T12:46:55+11:00
05/02/2020,Yelcherr Gas Plant,580180,PROD,0,74.589,0,0,,NT,Regional - NT,590017,,2020-02-06T12:46:55+11:00
01/02/2020,Tanami Gas Pipeline,580210,PIPE,7.573,0,7.5,0,,NT,Regional - NT,590017,,2020-02-02T12:02:00+11:00
02/02/2020,Tanami Gas Pipeline,580210,PIPE,7.12,0,7.5,0,,NT,Regional - NT,590017,,2020-02-03T12:02:00+11:00
03/02/2020,Tanami Gas Pipeline,580210,PIPE,7.163,0,7.5,0,,NT,Regional - NT,590017,,2020-02-04T12:02:00+11:00
04/02/2020,Tanami Gas Pipeline,580210,PIPE,7.273,0,7.499,0,,NT,Regional - NT,590017,,2020-02-05T12:02:00+11:00
05/02/2020,Tanami Gas Pipeline,580210,PIPE,7.369,0,7.499,0,,NT,Regional - NT,590017,,2020-02-06T12:01:00+11:00